et_title_product_id,et_title_product_name,et_title_variation_id,et_title_variation_name,et_title_parent_sku,et_title_variation_sku,et_title_variation_price,ps_gtin_code,et_title_variation_stock,ps_minimum_purchase_quantity,ps_maximum_purchase_quantity,ps_maximum_purchase_quantity_start_date,ps_maximum_purchase_quantity_time_period,ps_maximum_purchase_quantity_end_date,et_title_reason
sales_info,35b74571cd927608dc4cc2b998b916cb,0,20624848,"{""search_condition"":{}}",,,,,,,,,,
Kode Produk,Nama Produk,Kode Variasi,Nama Variasi,SKU Induk,SKU,Harga,GTIN,Stok,Min. Jumlah Pembelian,Maks. Jumlah Pembelian,Maks. Jumlah Pembelian - Tanggal Mulai,Maks. Jumlah Pembelian - Jumlah Hari,Maks. Jumlah Pembelian - Tanggal Berakhir,Alasan Gagal
,,,,,,Wajib,,Wajib,,,,,,
,,,,,,,,,,,,,,
,,,,,,Mohon masukkan 99 sampai 150000000 untuk harga produk. Batas harga produk termahal dibagi harga harga produk termurah: 7,,,"Min. jumlah pembelian merupakan isi dari tingkatan produk. Pembeli dapat memesan variasi yang berbeda untuk mencapai min. jumlah pembelian. Jika dikosongkan, min. jumlah pembelian akan otomatis bernilai 1. Pastikan stok lebih besar dari min. jumlah pembelian agar Pembeli dapat membuat pesanan.","[Per Pesanan + Per Periode] Pengaturan ini akan membatasi Maks. jumlah pembelian yang dapat dibeli per pesanan atau per periode. Mohon masukkan input dari 1 hingga 999,999.",[Hanya untuk Pengaturan Per Periode] Mohon tentukan tanggal mulai. Tanggal mulai tercepat adalah besok. Mohon masukkan format tanggal dalam YYYY-MM-DD.,"[Hanya untuk Pengaturan Per Periode] Batas Maks. jumlah pembelian akan berakhir (untuk tipe periode ""Tidak Berulang"") atau mulai kembali (untuk tipe periode ""Berulang"") setelah jumlah hari yang ditentukan. Mohon masukkan 1 sampai 365.","[Hanya untuk Pengaturan Per Periode] Mohon masukkan tanggal dalam format YYY-MM-DD. 

Untuk tipe periode ""Tidak Berulang"", tanggal berakhir = tanggal mulai + jumlah hari - 1. Contoh: tanggal mulai = 2021-05-01, jumlah hari = 10 hari, tanggal berakhir = 2021-05-10. 

Untuk tipe periode ""Berulang"", tanggal berakhir harus kelipatan dari jumlah hari. Contoh: tanggal mulai = 2021-05-01, jumlah hari = 10 hari, jika kamu ingin pengaturan ini diulang 2x (3 periode), tanggal berakhir = 2021-05-30.",
55409685862,"Bunga Mawar Babyrose Mawar Mini - Bunga Pink Kecil, Tahan Lama, Tanaman Hias Rumah",325855515542,,,,9900,,9997,2,,,,,
29479337942,Tanaman Camelia Merah siap berbunga,208302241348,,,,29000,,997,0,,,,,
29368325460,Indukan Melati tuscany berbunga rimbun Tanaman subur dan berbunga,215575415229,,,,125000,,186,0,,,,,
28010516846,Tanaman hias lohansung silver atau blue ice lohansung,195374082886,,,,69900,,946,0,,,,,
27629342163,Tanaman Camelia Pink siap berbunga,233928125315,,,,29000,,968,0,,,,,
26576591626,Tanaman bambu kuning mini,89109045646,,,,27000,,1913,0,,,,,
25425772331,"Mawar Potong Grade A Super, fresh 1 ikat isi 10 tangkai. bahan dekorasi/buket",227392356576,"isi 10,kuning",,,35000,,1949,1,,,,,
25425772331,"Mawar Potong Grade A Super, fresh 1 ikat isi 10 tangkai. bahan dekorasi/buket",227392356577,"isi 10,Random campur",,,35000,,1737,,,,,,
25425772331,"Mawar Potong Grade A Super, fresh 1 ikat isi 10 tangkai. bahan dekorasi/buket",240688177637,"isi 10,Putih",,,35000,,1795,,,,,,
25425772331,"Mawar Potong Grade A Super, fresh 1 ikat isi 10 tangkai. bahan dekorasi/buket",240688177638,"isi 10,Merah",,,35000,,1237,,,,,,
25425772331,"Mawar Potong Grade A Super, fresh 1 ikat isi 10 tangkai. bahan dekorasi/buket",240688177639,"isi 10,pink soft",,,35000,,1895,,,,,,
25425772331,"Mawar Potong Grade A Super, fresh 1 ikat isi 10 tangkai. bahan dekorasi/buket",240688177640,"isi 10,Salem",,,35000,,1966,,,,,,
25425772331,"Mawar Potong Grade A Super, fresh 1 ikat isi 10 tangkai. bahan dekorasi/buket",240688177641,"isi 10,Pink candy",,,35000,,1909,,,,,,
25092573148,Tanaman buah jeruk lemon jumbo cangkok siap berbuah atau berbunga,275516036317,,,,16900,,8296,0,,,,,
24892573169,Tanaman rosemary indukan. size dewasa siap panen.,242865822846,,,,25000,,954,0,,,,,
24892573143,Tanaman Sayur Peterseli atau parsley,233928247620,,,,13000,,879,0,,,,,
24592578170,Tanaman Hias asoka aneka warna bebas pilih warna,215872628388,Kuning,,,15000,,997,0,,,,,
24592578170,Tanaman Hias asoka aneka warna bebas pilih warna,215872628389,Pink,,,15000,,997,,,,,,
24592578170,Tanaman Hias asoka aneka warna bebas pilih warna,215872628385,Orange,,,15000,,999,,,,,,
24592578170,Tanaman Hias asoka aneka warna bebas pilih warna,215872628386,Putih,,,15000,,998,,,,,,
24592578170,Tanaman Hias asoka aneka warna bebas pilih warna,215872628387,Merah,,,15000,,999,,,,,,
24362883227,"Pupuk mawar, Ramuan Buat bunga mawar resep langsung dari petani",157197711402,50gr plastik,,,5000,,9835,0,,,,,
24362883227,"Pupuk mawar, Ramuan Buat bunga mawar resep langsung dari petani",157197711403,150gr botol,,,12000,,8980,,,,,,
23820738202,Bibit Anggrek Vanda Botol Siap Aklimasi isi 25 sampai 30 bibit,156567981517,,tbh28jan2023_tbh28jan2023_1317,,69000,,993,0,,,,,
23820736975,Tanaman Sukulen Tasbih atau Strings Of Pearls,183764769434,,tbh28jan2023_tbh28jan2023_1319,,24219,,985,0,,,,,
23820736894,Tanaman Alocasia Bisma remaja,165508403780,,tbh28jan2023_tbh28jan2023_1320,,89100,,998,0,,,,,
23820736819,Tanaman Koleksi Philodendron Gloriosum,39245441956,,tbh28jan2023_tbh28jan2023_1321,,69900,,999,0,,,,,
23720738619,Pupuk Cair ZPT Atonik Penyubur Tanaman 100 ml,230819955954,,tbh25jan2023_21,,29000,,174,0,,,,,
23720738160,Bibit anggrek cattleya Botol siap tanam,230819952592,,Tbh28jan2023_88,,69000,,997,0,,,,,
23720738097,Bibit tanaman anggrek Botol Dendrobium isi 70 plant siap aklimasi,203764765624,,tbh30jan2023_1,,69000,,992,0,,,,,
23720738040,Media Tanam Moss Hutan Hitam 100gr atau pakis hitam,183764767763,,tbh30jan2023_2,,4900,,999,0,,,,,
23720736828,"Pot hitam Baru ukuran 12, 15cm dan 17cm. dikirim Baru isi 12Pcs atau 1 lusin.",286152059343,diameter 17cm,tbh30jan2023_6,,29500,,879,0,,,,,
23720736828,"Pot hitam Baru ukuran 12, 15cm dan 17cm. dikirim Baru isi 12Pcs atau 1 lusin.",286152059344,Diameter 15cm,,,27500,,923,,,,,,
23720736828,"Pot hitam Baru ukuran 12, 15cm dan 17cm. dikirim Baru isi 12Pcs atau 1 lusin.",286152059345,diameter 12cm,,,25000,,955,,,,,,
23704826924,Tanaman mawar merah Tanpa Duri,137096381240,,,,9900,,301,2,,,,,
23702568107,Tanaman Parijoto rimbun,79146112189,,,,26730,,999,0,,,,,
23626188555,Media Tanam Lumut Hidup,146643976574,,tbh26jan2023_34,,19800,,997,0,,,,,
23620738746,"Media Tanam Metan Humus Daun atau andam siap pakai, andam kering",146567983151,,tbh25jan2023_26,,4000,,153,0,,,,,
23620738588,Tanaman Hias Bunga Lily Bangkok Kuning batik,230819955809,,tbh26jan2023_29,,25000,,998,0,,,,,
23620738506,Bibit Anggrek Dendro botol Isi 20 Bibit plus,98585506116,,tbh26jan2023_30,,69000,,977,0,,,,,
23601811964,Tanaman Calatahea Aurea Rimbun,174864813864,,,,19800,,999,0,,,,,
23526188646,"Bunga Potong Pikok Fresh 1 ikat isi 15-30 batang untuk buket/dekorasi) - Putih, 1 ikat",221024144169,"1 ikat,Pikok Ungu",new21feb2023_001,new21feb2023_2,17900,,1923,0,,,,,
23526188646,"Bunga Potong Pikok Fresh 1 ikat isi 15-30 batang untuk buket/dekorasi) - Putih, 1 ikat",221024144170,"1 ikat,Pikok Pink",,new21feb2023_3,17900,,1963,,,,,,
23526188646,"Bunga Potong Pikok Fresh 1 ikat isi 15-30 batang untuk buket/dekorasi) - Putih, 1 ikat",221024144168,"1 ikat,Pikok Putih",,new21feb2023_001,17900,,1848,,,,,,
23526187433,"Bunga potong Mawar Holland fresh bunga besar harga pertangkai - Merah, 1 tangkai",213902936317,"Orange,1 tangkai",new21feb2023_4,new21feb2023_12,2300,,3000,0,,,,,
23526187433,"Bunga potong Mawar Holland fresh bunga besar harga pertangkai - Merah, 1 tangkai",213902936312,"Merah,1 tangkai",,new21feb2023_4,3500,,2999,,,,,,
23526187433,"Bunga potong Mawar Holland fresh bunga besar harga pertangkai - Merah, 1 tangkai",213902936315,"Kuning,1 tangkai",,new21feb2023_10,2500,,2999,,,,,,
23526187433,"Bunga potong Mawar Holland fresh bunga besar harga pertangkai - Merah, 1 tangkai",213902936318,"Putih,1 tangkai",,new21feb2023_5,2500,,3000,,,,,,
23526187433,"Bunga potong Mawar Holland fresh bunga besar harga pertangkai - Merah, 1 tangkai",213902936319,"Salem,1 tangkai",,new21feb2023_8,2200,,3000,,,,,,
23526187433,"Bunga potong Mawar Holland fresh bunga besar harga pertangkai - Merah, 1 tangkai",213902936316,"Ungu,1 tangkai",,new21feb2023_11,2500,,3000,,,,,,
23526187433,"Bunga potong Mawar Holland fresh bunga besar harga pertangkai - Merah, 1 tangkai",213902936313,"Pink fanta,1 tangkai",,new21feb2023_6,2500,,3000,,,,,,
23526187433,"Bunga potong Mawar Holland fresh bunga besar harga pertangkai - Merah, 1 tangkai",213902936314,"Pink cantik,1 tangkai",,new21feb2023_9,2500,,3000,,,,,,
23526187433,"Bunga potong Mawar Holland fresh bunga besar harga pertangkai - Merah, 1 tangkai",213902936311,"Pink soft,1 tangkai",,new21feb2023_7,2200,,3000,,,,,,
23520738855,Tanaman Herbal Feverfew atau Tanacetum parthenium,39245444234,,tbh26jan2023_33,,15000,,962,0,,,,,
23502568338,Bibit buah tho atau suriname cherry,212942430870,,,,24900,,999,0,,,,,
23502568029,Tanaman aglonema siam aurora,49147169278,,,,29900,,999,0,,,,,
23501811940,Tanaman Alocasia Cuprea atau keladi tengkorak,156077352625,,,,59900,,999,0,,,,,
23501811755,Philo merpati hijau atau florida,220084030744,,,,26100,,999,0,,,,,
23501811599,Tanaman Hias Philo Congo merah rimbun,164864813523,,,,22500,,999,0,,,,,
23471983124,"Tanaman Cemara wangi, Aroma pinus.",225348934882,,C_03,,19800,,970,0,,,,,
23471983049,Tanaman Cemara rentes 60cm,206839718962,,C_07,,22000,,996,0,,,,,
23471982972,Tanaman Cemara udang bahan bonsai,216839726078,,C_05,,19900,,381,0,,,,,
23426187430,"Mawar Potong fresh 1 ikat isi 25 tangkai. bahan dekorasi/buket. - Putih, 1 ikat",117957645955,"1 ikat,Salem",new21feb2023_15,new21feb2023_77,69000,,1996,1,,,,,
23426187430,"Mawar Potong fresh 1 ikat isi 25 tangkai. bahan dekorasi/buket. - Putih, 1 ikat",117957645956,"1 ikat,Putih",,new21feb2023_15,69000,,1978,,,,,,
23426187430,"Mawar Potong fresh 1 ikat isi 25 tangkai. bahan dekorasi/buket. - Putih, 1 ikat",117957645957,"1 ikat,Pink candy",,new21feb2023_16,69000,,1986,,,,,,
23426187430,"Mawar Potong fresh 1 ikat isi 25 tangkai. bahan dekorasi/buket. - Putih, 1 ikat",117957645959,"1 ikat,Pink soft",,new21feb2023_22,69000,,1993,,,,,,
23426187430,"Mawar Potong fresh 1 ikat isi 25 tangkai. bahan dekorasi/buket. - Putih, 1 ikat",247674595725,"1 ikat,kuning",,,69000,,1998,,,,,,
23426187430,"Mawar Potong fresh 1 ikat isi 25 tangkai. bahan dekorasi/buket. - Putih, 1 ikat",117957645953,"1 ikat,Merah",,new21feb2023_17,69000,,1928,,,,,,
23420739023,Pupuk NPK Mutiara Kemasan botol repack. 150gr.,193764769827,,tbh26jan2023_19,,9000,,660,0,,,,,
23320739200,Tanaman hias bunga cucak rowo,220819951504,,tbh28jan2023_2,,29000,,999,0,,,,,
23320739088,Tanaman Philodendron pink Princess koleksi,213764767646,,tbh28jan2023_3,,79900,,999,0,,,,,
23302568063,Tanaman hias vinca merah,182942428702,,,,16200,,995,0,,,,,
23301811874,Tanaman Hias indoor Mosntera Borsigiana ukuran S dan XL - XXL,192872809009,XXL,,,99000,,999,0,,,,,
23301811874,Tanaman Hias indoor Mosntera Borsigiana ukuran S dan XL - XXL,192872809008,S,,,45000,,999,,,,,,
23301811701,Tanaman hias Euonymus Javonicus atau Havana Hijau,126981391126,,,,23000,,999,0,,,,,
23220739286,Tanaman Hias Alocasia Black Velvet atau Alokasia BlackVelvet,230819953270,,tbh28jan2023_6,,59200,,999,0,,,,,
23220737482,Tanaman Peperomia Rain Drop hijau,175508408005,,tbh28jan2023_9,,31500,,999,0,,,,,
23220737351,Tanaman Hias sultan Monstera Variegata 2 daun plus,220819954820,,tbh28jan2023_12,,199000,,999,0,,,,,
23202568268,Tanaman hias vinca ungu,212942426298,,,,17910,,998,0,,,,,
23201811650,Tanaman Vinca gantung aneka warna bebas pilih - Maroon,126981388698,Maroon,,,17500,,999,0,,,,,
23201811650,Tanaman Vinca gantung aneka warna bebas pilih - Maroon,126981388699,BlackberyExotic,,,17500,,999,,,,,,
23201811650,Tanaman Vinca gantung aneka warna bebas pilih - Maroon,126981388700,Pink,,,17500,,999,,,,,,
23201811650,Tanaman Vinca gantung aneka warna bebas pilih - Maroon,126981388701,White,,,17500,,999,,,,,,
23120739794,Bbit anggrek bulan botol isi 20 plus bibit,183764771478,,tbh28jan2023_tbh28jan2023_1313,,69000,,938,0,,,,,
23120739572,Tanaman Cemara rentes besar tinggi 120cm up cemara wangi rentes,203764767502,,tbh28jan2023_tbh28jan2023_1318,,99900,,998,0,,,,,
23102568397,Tanaman hias vinca pink,88399541378,,,,14400,,995,0,,,,,
23101811822,Tanaman Hias Melanocrysum,182872810243,,,,67500,,999,0,,,,,
23020738406,Media Tanam (METAN) Organik Siap Pakai 1kg Komplit,193764767212,,tbh30jan2023_3,,5000,,479,0,,,,,
23001811822,Tanaman Hias melati rambusa kondisi berbunga,220084029266,,,,14900,,887,0,,,,,
23001811611,Tanaman Hias Kadaka Variegata / Asplenium Nidus Varigata,202872810186,,,,112500,,997,0,,,,,
22920739728,Bunga potong fresh dekorasi Pikok ungu atau putih isi 20 plus batang,49245179923,,tbh30jan2023_7,,14900,,827,0,,,,,
22620740845,Tanaman standleyana varigata putih 3 daun plus,165508414157,,tbh25jan2023_7,,22500,,999,0,,,,,
22520742252,tanaman hias philodendron verrucosum,193764780552,,tbh25jan2023_8,,76500,,999,0,,,,,
22420742208,Polibag Tanaman Berbagai Ukuran berat perkilo - 15x10,193764776662,30x30,tbh25jan2023_10,tbh25jan2023_14,29900,,996,0,,,,,
22420742208,Polibag Tanaman Berbagai Ukuran berat perkilo - 15x10,193764776663,35x35,,tbh25jan2023_15,29900,,999,,,,,,
22420742208,Polibag Tanaman Berbagai Ukuran berat perkilo - 15x10,193764776664,25x25,,tbh25jan2023_13,29900,,998,,,,,,
22420742208,Polibag Tanaman Berbagai Ukuran berat perkilo - 15x10,193764776665,45x45,,tbh25jan2023_17,29900,,999,,,,,,
22420742208,Polibag Tanaman Berbagai Ukuran berat perkilo - 15x10,183764778838,40x40,,tbh25jan2023_16,29900,,998,,,,,,
22420742208,Polibag Tanaman Berbagai Ukuran berat perkilo - 15x10,183764778839,15x10,,tbh25jan2023_10,29900,,999,,,,,,
22420742208,Polibag Tanaman Berbagai Ukuran berat perkilo - 15x10,193764776660,15x15,,tbh25jan2023_11,29900,,999,,,,,,
22420742208,Polibag Tanaman Berbagai Ukuran berat perkilo - 15x10,193764776661,20x20,,tbh25jan2023_12,29900,,998,,,,,,
22337037057,Tanaman Pandan Hitam,146788689923,,,,16200,,974,0,,,,,
22337037045,Tanaman Herbal Gempur Batu,118045388518,,,,17910,,991,0,,,,,
22337036963,Tanaman anggrek cimbidium coklat totol sudah berbunga.,231412800276,coklat totol,,,95000,,997,0,,,,,
22265277703,"Tanaman Hias Indoor sanseivera dikirim plus pot premium siap menghiasi ruangan anda. Goldflame,golden wendys, golden banner, golden hahnii,dll",128329500280,Gold flame,,,45000,,999,0,,,,,
22265277703,"Tanaman Hias Indoor sanseivera dikirim plus pot premium siap menghiasi ruangan anda. Goldflame,golden wendys, golden banner, golden hahnii,dll",128329500285,Twister,,,50000,,998,,,,,,
22265277703,"Tanaman Hias Indoor sanseivera dikirim plus pot premium siap menghiasi ruangan anda. Goldflame,golden wendys, golden banner, golden hahnii,dll",128329500286,Pagoda rimbun,,,45000,,999,,,,,,
22265277703,"Tanaman Hias Indoor sanseivera dikirim plus pot premium siap menghiasi ruangan anda. Goldflame,golden wendys, golden banner, golden hahnii,dll",128329500282,Golden wendy,,,75000,,999,,,,,,
22265277703,"Tanaman Hias Indoor sanseivera dikirim plus pot premium siap menghiasi ruangan anda. Goldflame,golden wendys, golden banner, golden hahnii,dll",128329500287,Golden hahnii,,,50000,,999,,,,,,
22265277703,"Tanaman Hias Indoor sanseivera dikirim plus pot premium siap menghiasi ruangan anda. Goldflame,golden wendys, golden banner, golden hahnii,dll",128329500288,Golden Philipine,,,65000,,997,,,,,,
22265277703,"Tanaman Hias Indoor sanseivera dikirim plus pot premium siap menghiasi ruangan anda. Goldflame,golden wendys, golden banner, golden hahnii,dll",128329500284,Tsunami,,,50000,,999,,,,,,
22265277703,"Tanaman Hias Indoor sanseivera dikirim plus pot premium siap menghiasi ruangan anda. Goldflame,golden wendys, golden banner, golden hahnii,dll",128329500283,Cream hahnii,,,45000,,999,,,,,,
22265277703,"Tanaman Hias Indoor sanseivera dikirim plus pot premium siap menghiasi ruangan anda. Goldflame,golden wendys, golden banner, golden hahnii,dll",128329500281,Golden banner,,,65000,,999,,,,,,
22126192837,Tanaman Hias mawar Import aneka jenis bebas pilih - Patience,231024139485,Katerose,new21feb2023_new21feb2023_2424,new21feb2023_38,9900,,2953,0,,,,,
22126192837,Tanaman Hias mawar Import aneka jenis bebas pilih - Patience,231024139478,Kinda blue,,new21feb2023_new21feb2023_3330,15500,,2950,,,,,,
22126192837,Tanaman Hias mawar Import aneka jenis bebas pilih - Patience,231024139480,Patience,,new21feb2023_new21feb2023_2424,9900,,2873,,,,,,
22126192837,Tanaman Hias mawar Import aneka jenis bebas pilih - Patience,231024139484,Dolcetto,,new21feb2023_36,9900,,2968,,,,,,
22126192837,Tanaman Hias mawar Import aneka jenis bebas pilih - Patience,231024139476,Juliet,,new21feb2023_new21feb2023_2626,15500,,2953,,,,,,
22126192837,Tanaman Hias mawar Import aneka jenis bebas pilih - Patience,231024139479,Eclaire,,new21feb2023_39,9900,,1951,,,,,,
22126192837,Tanaman Hias mawar Import aneka jenis bebas pilih - Patience,231024139477,Honey Dijon,,new21feb2023_new21feb2023_3128,9900,,2972,,,,,,
22126192837,Tanaman Hias mawar Import aneka jenis bebas pilih - Patience,231024139483,christoper,,new21feb2023_new21feb2023_4235,15500,,2969,,,,,,
22126192837,Tanaman Hias mawar Import aneka jenis bebas pilih - Patience,231024139481,Charming,,new21feb2023_new21feb2023_2927,9900,,2911,,,,,,
22126192837,Tanaman Hias mawar Import aneka jenis bebas pilih - Patience,231024139482,blue for you,,new21feb2023_new21feb2023_3934,15500,,2974,,,,,,
21972052830,Tanaman Bambu Nagin,230819963924,,tbh25jan2023_01,,29900,,943,0,,,,,
21872052804,Tanaman Bambu hoki 3 tingkat Pagoda,98585506685,,tbh25jan2023_3,,23400,,938,0,,,,,
21872052779,Tanaman Melati Jepang Putih,49245180999,,tbh25jan2023_4,,7500,,993,0,,,,,
21672053429,Tanaman hias bambu jepang,213764775006,,tbh25jan2023_6,,19900,,976,0,,,,,
21526350856,Tanaman Hias Calathea Bella,173777941851,,,,26910,,127,0,,,,,
21426352012,Tanaman hias asparagus Krisdorn fern Variegata,117113087582,,tbh_19jul_1,,26000,,998,0,,,,,
21426350940,Tanaman Puring apel Kuning,201367766523,,tbh_19jul_2,,22500,,999,0,,,,,
21324109616,Tanaman Hias Andong ice cream Threecolour,117074618595,,tbh_14jul22_1,,25000,,997,0,,,,,
21226352056,Tanaman Puring Moonlight Bulan kuning,173777939553,,tbh_19jul_3,,29900,,999,0,,,,,
21226350808,Tanaman Puring Jojon dasi Merah,211367761965,,tbh_19jul_5,,26910,,998,0,,,,,
21224109714,Tanaman Toga Daun Ketumbar Cilantro,211252353360,,tbh_14jul22_2,,16900,,857,0,,,,,
21126350989,Tanaman Beringin Kupu-kupu Varigata,201367763566,,tbh_19jul_7,,22680,,973,0,,,,,
21126350835,Tanaman asparagus Krisdoren Hijau,173777940906,,tbh_19jul_8,,19000,,999,0,,,,,
20990192625,Tanaman pagar atau taman Alang alang Ekor Kuda  merah dan hijau,255756986306,Hijau,,,2900,,9160,5,,,,,
20990192625,Tanaman pagar atau taman Alang alang Ekor Kuda  merah dan hijau,255756986307,Merah,,,2900,,10450,,,,,,
20990192516,Tanaman Bunga mawar Import Komplang,156911607219,,,,10800,,935,0,,,,,
20942962889,Tanaman Honje Toga aneka jenis,164726452016,"Hijau,Honje",,,17910,,991,0,,,,,
20942962889,Tanaman Honje Toga aneka jenis,164726452017,"Putih,Honje",,,19800,,991,,,,,,
20942962889,Tanaman Honje Toga aneka jenis,155971882002,"Merah,Honje",,,19800,,993,,,,,,
20926351689,Tanaman Hias Calathea Centrini,181367766742,,tbh_22jul22_1,,19900,,991,0,,,,,
20890192616,Tanaman Mawar Imort Kuning lemonade,98733359243,,,,9900,,1260,2,,,,,
20826351561,Tanaman Lantana berbunga. bebas pilih.,181367764550,Orange,,tbh_19jul_-Orange2,13410,,997,0,,,,,
20826351561,Tanaman Lantana berbunga. bebas pilih.,181367764551,Putih,,tbh_19jul_-Putih2,13410,,997,,,,,,
20826351561,Tanaman Lantana berbunga. bebas pilih.,181367764552,Kuning,,tbh_19jul_-Kuning2,13410,,999,,,,,,
20826351561,Tanaman Lantana berbunga. bebas pilih.,211405048403,Pink,,,13410,,997,,,,,,
20826351561,Tanaman Lantana berbunga. bebas pilih.,181367764548,Merah,,tbh_19jul_-Merah2,13410,,996,,,,,,
20826351561,Tanaman Lantana berbunga. bebas pilih.,181367764549,Ungu,,tbh_19jul_-Ungu2,13410,,999,,,,,,
20824109557,Tanaman Hias Hypoestes aneka warna,145184752590,White Polkadot,,14_jul22_var2,19800,,995,0,,,,,
20824109557,Tanaman Hias Hypoestes aneka warna,145184752591,Red Splash,,14_jul22_var3,17820,,995,,,,,,
20824109557,Tanaman Hias Hypoestes aneka warna,145184752589,Pink Splash,,14_jul22_var1,19800,,995,,,,,,
20790192638,Tanaman Hias mawar import Moncour,79671486707,,,,12000,,698,0,,,,,
20742962981,Tanaman Sledri siap Panen,212178998087,,,,9900,,1236,0,,,,,
20726351616,Tanaman Aster Cosmos,181367764045,,tbh_19jul_4,,18000,,896,0,,,,,
20724109548,Tanaman Hias Aglonema Snow White,126298804946,,ss_13jul_22_01,,24900,,998,0,,,,,
20705171798,Tanaman wijaya kusuma aneka jenis dan warna,162924578805,"Putih,Warna",,,16119,,996,0,,,,,
20705171798,Tanaman wijaya kusuma aneka jenis dan warna,162924578806,"Kepiting Pink,Warna",,,24219,,999,,,,,,
20705171798,Tanaman wijaya kusuma aneka jenis dan warna,162924578808,"Kepiting ungu,Warna",,,24219,,997,,,,,,
20705171798,Tanaman wijaya kusuma aneka jenis dan warna,162924578804,"Variegata,Warna",,,29970,,997,,,,,,
20705171798,Tanaman wijaya kusuma aneka jenis dan warna,162924578801,"Keriting / naga mini,Warna",,,26910,,998,,,,,,
20705171798,Tanaman wijaya kusuma aneka jenis dan warna,162924578807,"Kepiting orange,Warna",,,24219,,995,,,,,,
20705171798,Tanaman wijaya kusuma aneka jenis dan warna,162924578803,"Merah astec,Warna",,,26910,,988,,,,,,
20705171798,Tanaman wijaya kusuma aneka jenis dan warna,162924578800,"California jumbo,Warna",,,33900,,989,,,,,,
20705171798,Tanaman wijaya kusuma aneka jenis dan warna,162924578802,"Kepiting putih,Warna",,,28350,,999,,,,,,
20642962835,Tanaman Hias Pentul biru berbunga rimbun,29155078101,,,,17910,,994,0,,,,,
20626351718,Tanaman Hias Calathea Rufibarba Rimbun,163777941042,,tbh_19jul_6,,15750,,999,0,,,,,
20542962791,Tanaman Bromelia kristantus aneka warna bebas pilih,202178995170,,,,23400,,999,0,,,,,
20524109752,Tanaman Hias Anthurium Mini Pink berbunga,173694584907,,ss_13jul_22_01,,39900,,999,0,,,,,
20524109563,Tanaman Calistemon little john atau sikat botol bangkok,173694583031,,ss_13jul_22_01,,31590,,998,0,,,,,
20424109728,Tanaman Hias Lotus Putih,173694582939,,ss_13jul_22_01,,38000,,919,0,,,,,
20324109787,Tanaman Hias Anthurium Mini Merah berbunga,136298806289,,ss_13jul_22_01,,34000,,999,0,,,,,
20290182945,Tanaman Bunga Mawar import happy piano - Happy piano,184389910244,Happy piano,,,12000,,302,0,,,,,
20272054352,Media tanam Spaghnum Moss Lumut Putih Kering,49245182243,,tbh25jan2023_23,,15000,,87,0,,,,,
20272054292,Tanaman Herbal Daun Seribu,230819958046,,tbh25jan2023_24,,15750,,1137,0,,,,,
20270863894,Tanaman Mandevilla Kuning,230722464164,,,,52650,,1000,0,,,,,
20190182948,Tanaman Bunga mawar Import Blue for you wangi,146911607156,,,,12000,,969,0,,,,,
20090183044,Tanaman Bunga mawar import Christoper,165959337529,,,,12000,,824,0,,,,,
20072054438,Pupuk Daun Untuk Pertumbuhan GANDASIL D 100gr,193764774247,,tbh26jan2023_27,,22000,,987,0,,,,,
20072054353,Perlite Campuran media tanam 100gr,59244864060,,tbh26jan2023_28,,15000,,998,0,,,,,
20024109597,Tanaman Manggis Jepang 40cm plus,201252342198,,ss_13jul_22_01,,31500,,999,0,,,,,
19990183038,Bunga Mawar Import Kinda blue wangi,88733349722,,,,12000,,8866,2,,,,,
19990182961,Bunga mawar import Juliet,231743157195,,,,9900,,965,0,,,,,
19972054377,Tanaman Toga daun sambiloto,117911588043,,tbh26jan2023_32,,15300,,995,0,,,,,
19872055261,Tanaman Anggrek Tanah Peach,183764780800,,tbh25jan2023_2,,25000,,987,0,,,,,
19824109548,Tanaman Hias Anthurium Jemani,201252341008,,ss_13jul_22_01,,67500,,999,0,,,,,
19772055168,Tanaman Taiwan beauty putih,146567987283,,tbh25jan2023_5,,3500,,888,0,,,,,
19672054367,Tanaman Bougenville varigata 2 warna plus,127357402582,,tbh26jan2023_13,,42300,,983,0,,,,,
19672054295,Tanaman Hias Philodendron Gloriosum AF,220819953842,,tbh26jan2023_14,,49500,,999,0,,,,,
19624109796,Tanaman Hias Anthurium Dwarf Pink,201252338466,,ss_13jul_22_01,,21600,,999,0,,,,,
19572054300,Bunga Mawar Potong Mawar Holand untuk dekorasi random Grade A,146567982879,,tbh26jan2023_17,,3500,,9890,10,,,,,
19472055176,Tanaman hias calathea orbifolia,213764774764,,tbh25jan2023_9,,199900,,999,0,,,,,
19472054356,"Bunga mawar babyrose indukan, rimbun.",165508408169,,tbh26jan2023_18,,25000,,11207,0,,,,,
19457019118,Tanaman Hias Begonia Red Rex,156077350115,,,,31500,,998,0,,,,,
19424110276,Tanaman Ficus Elastica Merah sudah rimbun siap pajang,136298808026,,tbh_15jul22_33,,53910,,999,0,,,,,
19424109619,Tanaman Hias Pentas Pink,155184744810,,ss_13jul_22_01,,13000,,992,0,,,,,
19381248572,Tanaman Cemara Malaika dewasa 1 meter,235348899756,,,,99900,,999,0,,,,,
19324109552,Tanaman Hias soka kuning Ixora,181252334892,,ss_13jul_22_01,,17820,,999,0,,,,,
19281248617,Tanaman Hias camelia Putih,196839691302,,,,35910,,990,0,,,,,
19281248597,Tanaman cempaka ungu wangi,204389908019,,,,49000,,944,0,,,,,
19224110202,Tanaman obat daun insulin,163694588581,,tbh_14jul22_3,,17910,,9910,0,,,,,
19224109704,Tanaman syngonium brisso,181252336348,,ss_13jul_22_01,,22000,,999,0,,,,,
19181248663,Tanaman Melati Cina Miwa Wangi,214389902190,,,,59900,,972,0,,,,,
19172054312,Tanaman Hias Fittonia Hijau rimbun,146567979880,,tbh28jan2023_4,,20700,,999,0,,,,,
19124110225,Tanaman Toga Kemangi,126298807471,,ss_13jul_22_01,,12600,,959,0,,,,,
19124109457,Tanaman Anthurium Bangkok Merah berbunga,163694588035,,ss_13jul_22_01,,26100,,999,0,,,,,
19024109851,Tanaman Hias Tradescantia Nanouk,145184744129,,ss_13jul_22_01,,31500,,998,0,,,,,
18972054429,Tanaman Sanseivera Pagoda murah,98585503626,,tbh28jan2023_7,,22680,,999,0,,,,,
18972054316,Tanaman Daun Rumput Putih gantung,230819951091,,tbh28jan2023_8,,19800,,999,0,,,,,
18924109528,Tanaman Hias Cemara Golden Peking,98016082665,,ss_13jul_22_01,,26100,,999,0,,,,,
18872054292,Tanaman Aglonema Bigpapa Roy atau Lulaiwan,230819954678,,tbh28jan2023_10,,23490,,996,0,,,,,
18857019319,Tanaman Singonium Green splash daun 4 plus,202872808308,,,,59130,,999,0,,,,,
18857019108,On Sale!! Syngonium Mojito rimbun corak bagus,107614888248,,,,24300,,999,0,,,,,
18758151912,Tanaman Cabai hitam sudah berbuah,174915041103,,,,16200,,989,0,,,,,
18757019314,Tanaman melati Rambusa perak kondisi berbunga,174864812698,,,,17500,,992,0,,,,,
18724109482,Tanaman Hias Hawaiian Snowbush,181252347246,,ss_13jul_22_01,,31500,,977,0,,,,,
18657019504,Tanaman Paku ekor tupai,59138534741,,,,59000,,997,0,,,,,
18631932553,Tanaman Sirih Emas golden Asli 100%,88105781917,,tbh007ss07agust22,,29900,,999,0,,,,,
18557019786,Tanaman Murbei Batang besar dan berbuah Rimbun,192872810042,,,,35100,,878,0,,,,,
18557019670,Tanaman Hias Peace lily spatufillum,192872805525,,,,14900,,757,0,,,,,
18531932631,Tanaman Bunga mawar Import Kondisi berbunga,191647123979,double sweet,tbh006ss07agust22,,9900,,985,0,,,,,
18531932631,Tanaman Bunga mawar Import Kondisi berbunga,191647123982,cherry brendy,,,9900,,991,,,,,,
18531932631,Tanaman Bunga mawar Import Kondisi berbunga,197315400070,Scanted jewel,,,17500,,993,,,,,,
18531932631,Tanaman Bunga mawar Import Kondisi berbunga,191647123980,dolcetto,,,9900,,994,,,,,,
18531932631,Tanaman Bunga mawar Import Kondisi berbunga,178065811776,Minion salem,,,17500,,995,,,,,,
18531932631,Tanaman Bunga mawar Import Kondisi berbunga,197315400064,Juliet,,,11500,,978,,,,,,
18531932631,Tanaman Bunga mawar Import Kondisi berbunga,197315400063,Lovely rokoko,,,12000,,994,,,,,,
18531932631,Tanaman Bunga mawar Import Kondisi berbunga,197315400067,Kuning lemon,,,9900,,998,,,,,,
18531932631,Tanaman Bunga mawar Import Kondisi berbunga,197315400066,Mary ann,,,12000,,993,,,,,,
18531932631,Tanaman Bunga mawar Import Kondisi berbunga,197315400060,Blue for you,,,12000,,988,,,,,,
18531932631,Tanaman Bunga mawar Import Kondisi berbunga,191647123981,pattience,,,9900,,979,,,,,,
18531932631,Tanaman Bunga mawar Import Kondisi berbunga,191647123977,kate rose,,,9900,,973,,,,,,
18531932631,Tanaman Bunga mawar Import Kondisi berbunga,191647123978,charming piano,,,9900,,989,,,,,,
18531932631,Tanaman Bunga mawar Import Kondisi berbunga,178065811777,Minion orange,,,17500,,989,,,,,,
18531932631,Tanaman Bunga mawar Import Kondisi berbunga,178065811779,Pupuk npk 50gr,,,4000,,999,,,,,,
18531932631,Tanaman Bunga mawar Import Kondisi berbunga,197315400068,Poetwife,,,12000,,972,,,,,,
18531932631,Tanaman Bunga mawar Import Kondisi berbunga,197315400065,Happy piano,,,12000,,996,,,,,,
18531932631,Tanaman Bunga mawar Import Kondisi berbunga,197315400071,Christoper,,,12000,,989,,,,,,
18531932631,Tanaman Bunga mawar Import Kondisi berbunga,197315400069,Cherry brendy,,,9900,,990,,,,,,
18531932631,Tanaman Bunga mawar Import Kondisi berbunga,197315400059,Kinda blue,,,12000,,963,,,,,,
18531932631,Tanaman Bunga mawar Import Kondisi berbunga,197315400061,Eclaire,,,9900,,997,,,,,,
18531932631,Tanaman Bunga mawar Import Kondisi berbunga,178065811778,Pupuk mawar racikan,,,15000,,983,,,,,,
18531932631,Tanaman Bunga mawar Import Kondisi berbunga,197315400058,Moncour,,,12000,,981,,,,,,
18531932631,Tanaman Bunga mawar Import Kondisi berbunga,197315400062,Honey dijon,,,8900,,990,,,,,,
18531932631,Tanaman Bunga mawar Import Kondisi berbunga,183836074112,Belum stek,,,2900,,999,,,,,,
18458152504,Tanaman hias Vinca Putih,182942427941,,,,14580,,994,0,,,,,
18431932828,Tanaman Dahlia aneka warna Kondisi Berbunga,163979700131,,tbh005ss07agust22,,22900,,945,0,,,,,
18372055436,Media Tanam sekam mentah Kualitas bagus Grade A+,156567983268,,tbh25jan2023_18,,3300,,496,0,,,,,
18372055376,Media Tanam / Metan Sekam Bakar 200gr,193764774466,,tbh25jan2023_19,,4300,,8704,0,,,,,
18372055284,Pupuk Pembungaan dan Pembuahan GANDASIL B 100gr,175508408577,,tbh25jan2023_20,,22000,,276,0,,,,,
18372054940,Tanaman Keprok variegata,193764769336,,tbh28jan2023_tbh28jan2023_1322,,31590,,999,0,,,,,
18342964492,Bibit Anggur Pohon / Anggur Brazil Ukuran 1 meter keatas super rimbun siap berbuah,212178997154,,,,108000,,999,0,,,,,
18331932745,Tanaman hias Bambu dracena jepang,126465122967,,tbh001ss07agust22,,22500,,999,0,,,,,
18324110181,Tanaman Hias Hoya Rambat Putih,117074615224,,ss_13jul_22_01,,26910,,986,0,,,,,
18282184122,Tanaman bunga matahari lokal,206904542436,,,,18000,,902,0,,,,,
18277866109,Tanaman Miracle fruit sudah berbuah tinggi 70cm plus,231412800444,,,,99000,,998,0,,,,,
18224110264,Tanaman Hias Red Crimson Fountain Grass atau alang-alang merah,173694582367,,ss_13jul_22_01,,2900,,9160,0,,,,,
18178039813,Bibit Tanaman Thumbergia putih atau biru,29367381096,,,,29000,,996,0,,,,,
18177866171,Tanaman Melati Jenggot putih,204165977271,,,,35000,,983,0,,,,,
18172055445,Media Tanam / metan Pasir Malang 1kg,107911688153,,tbh25jan2023_22,,4500,,110,0,,,,,
18172054937,Repack Pupuk Kandang Fermentasi Organik Halus dan Steril 1kg,183764769287,,tbh30jan2023_4,,3600,,713,0,,,,,
18172054886,Media Tanam Sekam Bakar Murni Repack 250 gr,220819950609,,tbh30jan2023_5,,3510,,730,0,,,,,
18158152378,Tanaman hias babyblue shine,212942424180,,,,13050,,946,0,,,,,
18131933214,Tanaman Sirih Wulung Varietas asli 100%,181647126197,,tbh008ss07agust22,,31410,,961,0,,,,,
18124110248,Paket 5 tanaman green fountain crimson,173694579904,,ss_13jul_22_01,,12000,,843,0,,,,,
18072055409,Tanaman Herbal Daun Citronella anti nyamuk,213764772279,,tbh25jan2023_25,,17500,,0,0,,,,,
18058152467,Tanaman hias begonia Marmaduke,156115624331,,,,29000,,998,0,,,,,
18058152308,Tanaman krokot mawar merah,174915034553,,,,18210,,957,0,,,,,
18024110110,Tanaman Hias Dieffenbachia 'Camille',181252341767,,ss_13jul_22_01,,29900,,998,0,,,,,
17999448444,Tanaman Pepino Putih manis / Melon melosa manis,167928178674,,,,29900,,825,0,,,,,
17988586100,Tanaman palem sikas jumbo daun 5 plus,174915034349,,,,71910,,979,0,,,,,
17981488462,Tanaman azalea kondisi berbunga,201647123600,,tbh004ss07agust22,,31500,,941,0,,,,,
17881488987,Paket 3 jenis Jambu kerikil Kondisi berbunga atau berbuah.,181647123502,,tbh003ss07agust22,,39600,,998,0,,,,,
17781488990,Tanaman Hias Peace Lily / Spatufilum Variegata,191647121419,,tbh002ss07agust22,,17739,,999,0,,,,,
17688587057,Tanaman sakura Pink rajin berbunga kondisi berbunga,156115621375,,,,19900,,1064,0,,,,,
17479371826,Tanaman Asparagus Plumosus,211252340567,,ss_13jul_22_01,,19900,,994,0,,,,,
17192358437,Bibit Tanaman Minyak Kayu Putih,183764772546,,tbh26jan2023_1,,19900,,956,0,,,,,
16979372303,Tanaman Hias Nerium Pink atau bunga mentega,201252335999,,ss_13jul_22_01,,22000,,998,0,,,,,
16779372262,Tanaman Hias Portulaca Pink Variegata,38944651269,,ss_13jul_22_01,,14900,,967,0,,,,,
16692359124,Planter Bag Berbagai Ukuran 11L-75L Kualitas Premium - 11L,220819951958,18L,tbh26jan2023_2,tbh26jan2023_4,22500,,985,0,,,,,
16692359124,Planter Bag Berbagai Ukuran 11L-75L Kualitas Premium - 11L,220819951956,11L,,tbh26jan2023_2,16000,,990,,,,,,
16692359124,Planter Bag Berbagai Ukuran 11L-75L Kualitas Premium - 11L,220819951957,15L,,tbh26jan2023_3,19000,,994,,,,,,
16692359124,Planter Bag Berbagai Ukuran 11L-75L Kualitas Premium - 11L,220819951962,45L,,tbh26jan2023_10,36000,,999,,,,,,
16692359124,Planter Bag Berbagai Ukuran 11L-75L Kualitas Premium - 11L,220819951961,35L,,tbh26jan2023_9,33000,,999,,,,,,
16692359124,Planter Bag Berbagai Ukuran 11L-75L Kualitas Premium - 11L,220819951960,28L,,tbh26jan2023_7,29900,,999,,,,,,
16692359124,Planter Bag Berbagai Ukuran 11L-75L Kualitas Premium - 11L,220819951955,30L,,tbh26jan2023_8,31000,,996,,,,,,
16692359124,Planter Bag Berbagai Ukuran 11L-75L Kualitas Premium - 11L,220819951959,25L,,tbh26jan2023_6,27500,,997,,,,,,
16692359124,Planter Bag Berbagai Ukuran 11L-75L Kualitas Premium - 11L,220819951964,75L,,tbh26jan2023_12,43000,,999,,,,,,
16692359124,Planter Bag Berbagai Ukuran 11L-75L Kualitas Premium - 11L,220819951965,20L,,tbh26jan2023_5,25000,,994,,,,,,
16692359124,Planter Bag Berbagai Ukuran 11L-75L Kualitas Premium - 11L,220819951963,50L,,tbh26jan2023_11,39000,,996,,,,,,
16274962756,"Tanaman Lavender rimbun berbunga Ungu, pink dan putih. bebas pilih murah",190664292879,lavender putih,New_14jun_03,New_13jun_02,11900,,9608,0,,,,,
16274962756,"Tanaman Lavender rimbun berbunga Ungu, pink dan putih. bebas pilih murah",190664292880,lavender Ungu,,New_13jun_03,11900,,9181,,,,,,
16274962756,"Tanaman Lavender rimbun berbunga Ungu, pink dan putih. bebas pilih murah",195800198283,lavender varigata,,New_19feb_25,11900,,9867,,,,,,
16274962756,"Tanaman Lavender rimbun berbunga Ungu, pink dan putih. bebas pilih murah",190664292878,lavender Pink,,New_13jun_01,11900,,9560,,,,,,
16197937821,Tanaman cemara silverpain atau cemara silver,49322178895,,C_02,,17550,,997,0,,,,,
16092357597,Tanaman Philodendron swiss varigata atau janda bolong varigata Asli,39245444201,,tbh26jan2023_16,,44910,,999,0,,,,,
16079372329,Tanaman Hias Cemara Intan,145184743838,,ss_13jul_22_01,,40000,,998,0,,,,,
15916662444,Tanaman Hias Dianthus Bicolor,28192920978,,,,12150,,994,0,,,,,
15916662348,Tanaman Hias Philodendron Moon Light sudah rimbun,114405844717,,,,29900,,999,0,,,,,
15816662370,Tanaman Hias Air Mancur Merah,57993871727,,,,14900,,978,0,,,,,
15816662281,Tanaman Hias Palem Kol,114405843368,,,,33000,,984,0,,,,,
15716664195,Tanaman Buah Red Raspberry,150776692998,,,,19900,,987,0,,,,,
15716662206,Tanaman Mexican Lavender toga,150776592239,,,,35100,,997,0,,,,,
15616665788,Tanaman Buah Jambu Biji Getas Merah ( Cangkok ),150776777102,,,,51638,,998,0,,,,,
15616664402,Tanaman Buah Suriname Cherry,86203105713,,,,17900,,981,0,,,,,
15616664245,Tanaman Dwarf Papyrus,96202963833,,,,14900,,969,0,,,,,
15616664136,Tanaman Janggelan Cincau Hitam rambat,86203105573,,,,23400,,997,0,,,,,
15599056811,Tanaman Cemara embun Grosir,204389927536,,C_06,,17550,,999,0,,,,,
15516664214,Tanaman Kayu Urip ( Patah Tulang ),150776691891,,,,15300,,999,0,,,,,
15516662716,Tanaman Hias Peruvian Lily,132918802739,,,,25500,,998,0,,,,,
15416665304,Tanaman Cabe Rawit hijau lalapan berbuah,77993169652,,,,15390,,918,0,,,,,
15416664316,Tanaman Hias Akasia Kuning,77993154407,,,,25000,,991,0,,,,,
15416664200,Tanaman Strawberry Guava,114405903196,,,,25500,,999,0,,,,,
15416664108,Tanaman hias Nolina atau ponny tail,57993896089,,,,29900,,919,0,,,,,
15416662833,Tanaman Hias Scirpus Zebrinus ( Zebra Plant ),96202930189,,,,27000,,999,0,,,,,
15416662596,Tanaman calathea makoyana peacock subur,86203070025,,,,9900,,984,0,,,,,
15316664329,Tanaman super harum Golden gardena,114405901393,,,,26800,,913,0,,,,,
15316664225,Tanaman Hias Hibiscus Tricolor,140776690997,,,,17820,,998,0,,,,,
15316662743,Tanaman hias calathea silverback,104405952041,,,,22500,,999,0,,,,,
15216665211,Tanaman Hias Dracena lemon hijau,150776724221,,,,26550,,999,0,,,,,
15216665142,Tanaman Daun Sendok,114405923097,,,,9900,,999,0,,,,,
15216664441,Tanaman Hias Zamioculcas,150776723941,,,,22000,,997,0,,,,,
15216664414,Tanaman Hias Bromelia Tricolor rimbun,150776690854,,,,24000,,999,0,,,,,
15216664319,Tanaman Hias anggrek Spathoglottis Peach,114405902725,,,,26100,,998,0,,,,,
15116665051,Tanaman Hias Wijaya Kusuma California,132918892141,,,,34900,,996,0,,,,,
15116662765,Tanaman Hias Monica Lavender gantung,140776601907,,,,19900,,960,0,,,,,
15116662551,Tanaman Hias Begonia Polkadot,150776601598,,,,29900,,998,0,,,,,
15016665139,Tanaman Toga Seledri Jepang ( Ashitaba ),140776723260,,,,31500,,989,0,,,,,
15016665054,Tanaman Hias Rumput Black mando,104406021022,,,,19900,,997,0,,,,,
15016664440,Tanaman Hias Melati Aprilia merah,114405922396,,,,13770,,996,0,,,,,
15016664345,Tanaman Hias Sansevieria Gold Flame,104406002185,,,,44000,,996,0,,,,,
15016662682,Tanaman Cincau Hijau Perdu,132918798962,,,,24750,,995,0,,,,,
14989846657,Tanaman Hias White Buttercup,163694576357,,ss_13jul_22_01,,18000,,998,0,,,,,
14916664462,Tanaman Buah Kelengkeng Merah,86203117356,,,,89100,,999,0,,,,,
14916664360,Tanaman Calathea white fusion,140776685427,,,,19900,,998,0,,,,,
14916664273,Tanaman Calathea Peacock,86203102564,,,,29900,,999,0,,,,,
14916662800,Tanaman Hias Mickey Mouse Taro,96202927147,,,,22900,,999,0,,,,,
14816664216,Tanaman Jade flame atau flame of irian orange dan biru,140776684834,,,,150000,,998,0,,,,,
14816664127,Tanaman Hias Impatiens magenta atau pacar air magenta,57993891734,,,,19000,,998,0,,,,,
14816662751,Tanaman Hias sirih epipremnum manjula,67993394467,,,,29900,,999,0,,,,,
14816662536,Tanaman hias cemara bola,28192923502,,,,16200,,989,0,,,,,
14785495717,Tanaman bambu hoki tingkat 5,172918723505,,,,49900,,994,0,,,,,
14716664182,Tanaman Hias Celosia aneka warna,114405897689,,,,14900,,946,0,,,,,
14716662654,Tanaman Hias Impatiens bunga orange / pacar air orange,132918795837,,,,19800,,996,0,,,,,
14696254932,Monstera tetrasperma raphidopora atau monstera mini,156567981669,,,,55890,,999,0,,,,,
14616664222,Tanaman Daun Ungu,132918859905,,,,22000,,998,0,,,,,
14616662676,Tanaman Hias Philodendron Burle Marx,150776597443,,,,31500,,999,0,,,,,
14599046837,Grosir Tanaman Cemara Rengold Murah,146911621388,,C_01,,17550,,992,0,,,,,
14589847151,Tanaman Coral Vine Pink,211252333896,,ss_13jul_22_01,,45000,,999,0,,,,,
14562658584,Tanaman Kecombrang merah bumbu masak dan toga,134680258200,,,,26000,,541,0,,,,,
14516664184,Tanaman Pisang Calathea,122918860865,,,,21600,,964,0,,,,,
14516662718,Tanaman harum anti nyamuk Zodia kuning,37994936147,,,,19300,,924,0,,,,,
14516662590,Tanaman Hias diven chiangmai,104405945594,,,,24300,,999,0,,,,,
14516662505,Tanaman Hias Magnolia Figo / Cempaka Mulya Putih super harum,104405946500,,,,27000,,951,0,,,,,
14416664334,Tanaman Love Hoya,132918860738,,,,35100,,997,0,,,,,
14416664213,Tanaman Hias Pisang Bali,122918859408,,,,25200,,992,0,,,,,
14416662686,Tanaman Hias Kadaka Keriting,140776596801,,,,49500,,999,0,,,,,
14416662586,Tanaman Hias Pakis Boston,150776596535,,,,17100,,999,0,,,,,
14416661994,Tanaman super harum melati jawa gardenia,114405846268,,,,17850,,338,0,,,,,
14396254939,Tanaman Philodendron Burle marx variegata atau burlemark variegata,220819953589,,tbh28jan2023_1,,49500,,999,0,,,,,
14316664323,Tanaman calathea silver plate subur,104405996820,,,,22500,,998,0,,,,,
14316664111,Tanaman Hias Palem Paris atau rotan mini,114405898148,,,,36450,,982,0,,,,,
14316659005,Tanaman cabe rawit pedas,104405827618,,,,14900,,820,0,,,,,
14216664181,Tanaman Calathea Yellow Fusion atau tissue kuning,150776680245,,,,22950,,999,0,,,,,
14216662652,Tanaman Hias Seribu Bintang mikro bahan bonsai,140776593600,,,,23400,,993,0,,,,,
14204165345,Tanaman super harum Golden Gardena,85961999246,,,,22000,,963,0,,,,,
14116664111,Tanaman Hias Flame Of Irian,150776679669,,,,134100,,999,0,,,,,
14116662686,Tanaman Hias Pakis Sarang,86203065066,,,,25200,,995,0,,,,,
14116662602,Tanaman Hias Natal Lily,140776594614,,,,39000,,994,0,,,,,
14016662601,Tanaman Hias Philodendron Lynette,140776592752,,,,44100,,999,0,,,,,
14016661970,Tanaman Hias Cryptanthus Tokek,150776592456,,,,27000,,997,0,,,,,
13931022622,Paket Tanaman Mawar Batik isi 5 pcs,67563393213,,,,41500,,998,0,,,,,
13859617394,Tanaman sikat botol,150776378431,,,,19900,,972,0,,,,,
13845151124,Tanaman hidup bunga mawar rambat berbunga banyak,95731703220,"Merah tanpa duri,Varian",,,9900,,922,0,,,,,
13845151124,Tanaman hidup bunga mawar rambat berbunga banyak,95731703232,"Rambat putih,Varian",,,10800,,956,,,,,,
13845151124,Tanaman hidup bunga mawar rambat berbunga banyak,95731703228,"Rambat pink,Varian",,,12000,,958,,,,,,
13845151124,Tanaman hidup bunga mawar rambat berbunga banyak,95731703218,"Rambat orange,Varian",,,12000,,979,,,,,,
13845151124,Tanaman hidup bunga mawar rambat berbunga banyak,95731703229,"Babyrose,Varian",,,10000,,981,,,,,,
13845151124,Tanaman hidup bunga mawar rambat berbunga banyak,95731703224,"New Rambat Hijau,Varian",,,17910,,983,,,,,,
13845151124,Tanaman hidup bunga mawar rambat berbunga banyak,95731703222,"Flori putih,Varian",,,15000,,951,,,,,,
13845151124,Tanaman hidup bunga mawar rambat berbunga banyak,95731703219,"Rambat merah,Varian",,,13500,,859,,,,,,
13845151124,Tanaman hidup bunga mawar rambat berbunga banyak,95731703227,"Flori colorado,Varian",,,15000,,983,,,,,,
13845151124,Tanaman hidup bunga mawar rambat berbunga banyak,95731703230,"Flori ungu,Varian",,,15000,,854,,,,,,
13845151124,Tanaman hidup bunga mawar rambat berbunga banyak,95731703226,"Flori kuning,Varian",,,13500,,907,,,,,,
13845151124,Tanaman hidup bunga mawar rambat berbunga banyak,95731703221,"Lotus merah,Varian",,,10800,,986,,,,,,
13845151124,Tanaman hidup bunga mawar rambat berbunga banyak,95731703223,"Flori merah,Varian",,,13500,,949,,,,,,
13845151124,Tanaman hidup bunga mawar rambat berbunga banyak,95731703217,"Flori pelangi,Varian",,,9900,,974,,,,,,
13845151124,Tanaman hidup bunga mawar rambat berbunga banyak,95731703225,"Flori pink,Varian",,,12000,,966,,,,,,
13845151124,Tanaman hidup bunga mawar rambat berbunga banyak,95731703231,"Hijau daun/jabrik,Varian",,,10800,,997,,,,,,
13820864186,Tanaman hias merambat stefanot aneka warna,67436752236,"Ungu,Warna",,,22410,,988,0,,,,,
13820864186,Tanaman hias merambat stefanot aneka warna,67436752237,"Orange,Warna",,,35910,,995,,,,,,
13820864186,Tanaman hias merambat stefanot aneka warna,67436752239,"Merah,Warna",,,44910,,33,,,,,,
13622675286,Tanaman ketepeng kencana hijau,77459747784,,,,26900,,980,0,,,,,
13559624815,Tanaman Hias Anting India Ungu,132918867088,,,,37000,,997,0,,,,,
13559622640,Spanish Lavender,114405748322,,,,27000,,957,0,,,,,
13459624767,Tanaman Hias Petrea Putih,132918868187,,,,34000,,948,0,,,,,
13459624290,Tanaman Hias Red Xanthostemon,86203069569,,,,28350,,999,0,,,,,
13413392938,Tanaman Krisan berbunga grade A. bebas pilih.,57341391897,"Kuning kecil,Tunggal",,,12500,,988,0,,,,,
13413392938,Tanaman Krisan berbunga grade A. bebas pilih.,67341031851,"Orange,Tunggal",,,12500,,958,,,,,,
13413392938,Tanaman Krisan berbunga grade A. bebas pilih.,57341391894,"Remix merah,Tunggal",,,12500,,989,,,,,,
13413392938,Tanaman Krisan berbunga grade A. bebas pilih.,57341391902,"Kuning besar,Tunggal",,,12500,,967,,,,,,
13413392938,Tanaman Krisan berbunga grade A. bebas pilih.,57341391895,"Pink besar,Tunggal",,,12500,,958,,,,,,
13413392938,Tanaman Krisan berbunga grade A. bebas pilih.,57341391898,"Magenta,Tunggal",,,12500,,957,,,,,,
13413392938,Tanaman Krisan berbunga grade A. bebas pilih.,67341031853,"Remix kuning,Tunggal",,,12500,,984,,,,,,
13413392938,Tanaman Krisan berbunga grade A. bebas pilih.,57341391901,"Merah,Tunggal",,,12500,,958,,,,,,
13413392938,Tanaman Krisan berbunga grade A. bebas pilih.,57341391903,"Ungu,Tunggal",,,12500,,986,,,,,,
13413392938,Tanaman Krisan berbunga grade A. bebas pilih.,57341391896,"Putih besar,Tunggal",,,12500,,941,,,,,,
13413392938,Tanaman Krisan berbunga grade A. bebas pilih.,57341391900,"Pink kecil,Tunggal",,,12500,,981,,,,,,
13413392938,Tanaman Krisan berbunga grade A. bebas pilih.,67341031852,"Kuning soft,Tunggal",,,12500,,979,,,,,,
13413392938,Tanaman Krisan berbunga grade A. bebas pilih.,57341391899,"Putih kecil,Tunggal",,,12500,,983,,,,,,
13259629436,Tanaman Hias Lohansung,132918800839,,,,26910,,995,0,,,,,
13259627676,Cemara golden malaika / bibit tanaman hias pohon,104405869029,,,,32500,,999,0,,,,,
13250620381,Tanaman hias hidup easter lily,103904171580,,,,21870,,942,0,,,,,
13059639825,Tanaman Hias Wijaya Kusuma putih gantung rimbun.,150776721906,,,,15900,,908,0,,,,,
13059639325,Tanaman Hias Calathea Maranta Leopard,104405949808,,,,14000,,999,0,,,,,
12959639323,Tanaman cemara pentris atau norfolk tinggi 120cm keatas. stok bagus,96202927765,,,,132000,,999,0,,,,,
12895057415,Tanaman Philodendron Hastatum Silver Sword,211252331407,,ss_13jul_22_01,,33000,,998,0,,,,,
12859639945,Tanaman Hias Syngonium Pink robusta,122918891033,,,,39900,,998,0,,,,,
12859639792,Tanaman Hias Air Mancur Putih,104406001020,,,,14400,,988,0,,,,,
12859639283,Tanaman Hias Philodendron pink congo,77993134815,,,,53910,,998,0,,,,,
12844546621,Tanaman Mawar import eclair green,27961302601,,,,8910,,978,0,,,,,
12759639877,Tanaman Buah Jambu Kerikil Variegata,132918890814,,,,16200,,999,0,,,,,
12759639808,Tanaman Hias Kantil Kuning,96202962980,,,,26775,,941,0,,,,,
12759639718,Tanaman Buah Nanas Merah,122918863661,,,,17910,,987,0,,,,,
12746761945,Tanaman bougenville varigata dan lokal banyak pilihan,77766870606,"Orange,Jenis",,,27600,,999,0,,,,,
12746761945,Tanaman bougenville varigata dan lokal banyak pilihan,77766870607,"Kuning,Jenis",,,35100,,996,,,,,,
12746761945,Tanaman bougenville varigata dan lokal banyak pilihan,77766870604,"Varigata fanta mikro,Jenis",,,58500,,999,,,,,,
12746761945,Tanaman bougenville varigata dan lokal banyak pilihan,77766870605,"Varigata 2 / 3 warna,Jenis",,,69000,,997,,,,,,
12746761945,Tanaman bougenville varigata dan lokal banyak pilihan,77766870603,"Variegata ungu,Jenis",,,29000,,998,,,,,,
12746761945,Tanaman bougenville varigata dan lokal banyak pilihan,67767130659,"Ungu,Jenis",,,27000,,999,,,,,,
12746761945,Tanaman bougenville varigata dan lokal banyak pilihan,77766870602,"Variegata fanta,Jenis",,,49000,,998,,,,,,
12746761945,Tanaman bougenville varigata dan lokal banyak pilihan,77766870599,"Putih,Jenis",,,29910,,996,,,,,,
12746761945,Tanaman bougenville varigata dan lokal banyak pilihan,77766870600,"Merah fanta,Jenis",,,28900,,999,,,,,,
12746761945,Tanaman bougenville varigata dan lokal banyak pilihan,77766870601,"Merah mikro,Jenis",,,29900,,996,,,,,,
12746761945,Tanaman bougenville varigata dan lokal banyak pilihan,77766870598,"Variegata putih,Jenis",,,29000,,998,,,,,,
12722688539,Tanaman ketapang kencana varigata,67459992581,,,,39900,,992,0,,,,,
12659639751,Tanaman Buah Markisa,67993414051,,,,16200,,964,0,,,,,
12659639320,Tanaman Hias Taiwan Beauty Ungu atau putih,150776601824,,,,9900,,992,0,,,,,
12626708814,Bibit Tanaman Mangga Kondisi Berbunga,95278521752,,,,80919,,999,0,,,,,
12559639700,Tanaman Terong Ungu sayur,114405902075,,,,14900,,984,0,,,,,
12542537243,Tanaman lilin shield ungu,27938602786,,,,14900,,934,0,,,,,
12532584801,Tanaman Matahari mikro berbunga atau orange blooming gazania,85421052603,,,,19900,,1847,0,,,,,
12459639971,Tanaman Calathea Ornata atau calathea batik,140776722934,,,,18000,,998,0,,,,,
12459639874,Tanaman cemara udang sudah bonsai tinggi 110cm keatas.,37994961373,,,,105300,,802,0,,,,,
12459639741,Tanaman Hias Calathea Majestica / Kalatea Sisir,104406000429,,,,22410,,999,0,,,,,
12459639399,Tanaman Hias dusty miller atau silverdust,140776602693,,,,16900,,948,0,,,,,
12428171718,Tanaman bunga sepatu kondisi berbunga atau siap berbunga,95313211101,"Ungu tumpuk,Jenis",,,20250,,996,0,,,,,
12428171718,Tanaman bunga sepatu kondisi berbunga atau siap berbunga,95313211102,"Merah tumpuk,Jenis",,,20250,,995,,,,,,
12428171718,Tanaman bunga sepatu kondisi berbunga atau siap berbunga,95313211103,"Putih,Jenis",,,14580,,991,,,,,,
12428171718,Tanaman bunga sepatu kondisi berbunga atau siap berbunga,95313211100,"Pink,Jenis",,,16119,,991,,,,,,
12359639823,Tanaman Hias Lidah Mertua,86203068547,,,,11900,,823,0,,,,,
12259640202,Tanaman Calathea Lancifolia atau calathea jago,86203104223,,,,16500,,999,0,,,,,
12259639817,Tanaman syngonium variegata putih,122918798626,,,,32400,,999,0,,,,,
12159640248,tanaman hias daun calathea green lipstik,122918861878,,,,32400,,998,0,,,,,
12159639896,Tanaman hias melati jepang merah,114405847639,,,,15750,,987,0,,,,,
12126363092,Bibit Tanaman Kemangi,77504337146,,,,15250,,819,0,,,,,
12099572122,Tanaman Cemara Norfolk atau cemara pentris 50cm,221743198902,,C_08,,30000,,999,0,,,,,
12059644913,Tanaman Hias Impatiens atau pacar air merah,132918796791,,,,18000,,999,0,,,,,
11977177723,Tanaman Hias butter daisy,114405899363,,,,14900,,953,0,,,,,
11977177186,Tanaman Hias Simbar Tegak,132918796639,,,,25200,,999,0,,,,,
11877177723,Tanaman Kacang Macadamia,140776686589,,,,54900,,964,0,,,,,
11777177195,Tanaman Hias Daun begonia mangkok merah,114405847251,,,,21060,,999,0,,,,,
11677177722,Tanaman Adam Hawa / Nanas Kerang,132918861231,,,,14580,,995,0,,,,,
11577177156,Tanaman Hias Impatiens atau pacar air pink,150776599010,,,,18000,,999,0,,,,,
11557410346,Tanaman Hias Palem Kol,57487116578,,,,38700,,1000,0,,,,,
11477177146,Tanaman hias cemara golden viking,77993134284,,,,35000,,997,0,,,,,
11377177747,Tanaman Hias Jade Vine,150776683764,,,,117450,,998,0,,,,,
11298927876,Tanaman Hias Fittonia Merah / Fittonia verschaffeltii Red,175508407120,,tbh28jan2023_5,,26100,,999,0,,,,,
11277178165,BIBIT TANAMAN HIAS CALATHEA PICTURATA ARGENTEA,150776770593,,,,25200,,997,0,,,,,
11277177139,Tanaman Hias Kantil Putih,67993396164,,,,25500,,952,0,,,,,
11177177784,Tanaman Hias Bambu Micro rimbun,114405898842,,,,19900,,977,0,,,,,
11177177139,Tanaman Hias Philodendron Xanadu,122918795317,,,,27000,,999,0,,,,,
10677177729,Tanaman Calathea Zebrina ( Zebra Hijau ),140776682929,,,,21000,,998,0,,,,,
10499648933,Tanaman Pepino Kondisi Berbuah atau Berbunga,137764179511,,,,19900,,870,0,,,,,
10377177782,Tanaman Calathea Striped Pink,77993151282,,,,25000,,999,0,,,,,
10377177143,Tanaman Calathea Multicolor,140776596266,,,,9900,,970,0,,,,,
10277177158,Tanaman Calathea Maranta Sayap Merak,37994933894,,,,40500,,998,0,,,,,
10230156679,Tanaman Hias Furing Kura,46984775412,,,,28000,,997,0,,,,,
10177182747,Tanaman Hias Blue Bell berbunga,114405895992,,,,13000,,997,0,,,,,
10077187198,Tanaman Hias Magnolia Coco / Bunga Cempaka Telor putih,132918792923,,,,29000,,916,0,,,,,
9997357951,Tanaman Hias Yellow Buttercup,140776682064,,,,14900,,997,0,,,,,
9965915042,Tanaman Wooley Congea atau shower orchid,55898070677,,,,55000,,991,0,,,,,
9965909960,Tanaman bambu Cina hijau,75898047743,,,,29900,,974,0,,,,,
9965909891,Tanaman Chloropitum comossum atau bulu ayam keriting,92697775558,,,,34000,,999,0,,,,,
9913747636,Tanaman Mawar Patience,53654854214,,,,12000,,1983,0,,,,,
9897358335,Tanaman Hias Sansevieria Pagoda,114405844880,,,,19900,,997,0,,,,,
9865915017,Kaktus agave victoriae reginae,26300467845,,,,99000,,997,0,,,,,
9865909944,Tanaman kaktus Lobivia Koganmaru,55898047749,,,,23850,,993,0,,,,,
9826071790,Paket 4 Tanaman Bunga Mawar Rambat,24748211157,,,,43000,,1818,0,,,,,
9826008501,Tanaman Mawar import Cherry Brendy,64163593949,,,,9900,,1932,0,,,,,
9765915049,Tanaman Succulent ECHEVERIA SNOWBALL import,35898070264,,,,35000,,999,0,,,,,
9765909982,tanaman kaktus tasbih - grown leaf cactus,100591592187,,,,35000,,998,0,,,,,
9765909912,tanaman kaktus mickey mouse size L bagus,45898047617,,,,29900,,984,0,,,,,
9665909995,Tanaman Kaktus Sukulen Hawortia Variegata,55898069997,,,,89910,,997,0,,,,,
9665899309,Tanaman succulent jade plant,55898071031,,,,19000,,992,0,,,,,
9613751551,Tanaman Bunga Mawar Katerose,63654779823,,,,9900,,1868,0,,,,,
9565915082,Tanaman Kaktus Sukulen Cereus Tetragonus,26300493834,,,,19900,,992,0,,,,,
9565909887,Tanaman kaktus kubis succulent import,75898047141,,,,19900,,992,0,,,,,
9465899312,Tanaman Pacar Cina / Chinese Perfumed tree,35898070821,,,,18549,,997,0,,,,,
9416986657,Tanaman Rosemary pengusir nyamuk,80908865598,,,,14600,,1238,0,,,,,
9413801748,Bibit Tanaman Mawar Charming Piano,43656694947,,,,9900,,1801,0,,,,,
9365909974,Tanaman kaktus gymno Tricolour besar,35898047047,,,,39900,,997,0,,,,,
9365909892,Tanaman Kaktus Golden Rotund,55898046986,,,,19900,,999,0,,,,,
9338672970,Tanaman Bunga mawar jepang rambat kondisi berbunga dan bebas pilih,54698774251,Flori pink,,,9900,,4592,2,,,,,
9338672970,Tanaman Bunga mawar jepang rambat kondisi berbunga dan bebas pilih,54698774246,rambat putih,,,11610,,4334,,,,,,
9338672970,Tanaman Bunga mawar jepang rambat kondisi berbunga dan bebas pilih,118294208281,Pupuk mawar,,,3500,,4373,,,,,,
9338672970,Tanaman Bunga mawar jepang rambat kondisi berbunga dan bebas pilih,54698774254,Flori colorado,,,10710,,5472,,,,,,
9338672970,Tanaman Bunga mawar jepang rambat kondisi berbunga dan bebas pilih,54698774245,flori kuning,,,10710,,4046,,,,,,
9338672970,Tanaman Bunga mawar jepang rambat kondisi berbunga dan bebas pilih,54698774244,Jabrik,,,11610,,5535,,,,,,
9338672970,Tanaman Bunga mawar jepang rambat kondisi berbunga dan bebas pilih,54698774250,babyrose,,,9910,,4614,,,,,,
9338672970,Tanaman Bunga mawar jepang rambat kondisi berbunga dan bebas pilih,54698774247,jepang pink fanta,,,11610,,5395,,,,,,
9338672970,Tanaman Bunga mawar jepang rambat kondisi berbunga dan bebas pilih,246978680496,rambat Constance,,,17900,,4871,,,,,,
9338672970,Tanaman Bunga mawar jepang rambat kondisi berbunga dan bebas pilih,54698774248,Lotus merah fanta,,,11610,,5492,,,,,,
9338672970,Tanaman Bunga mawar jepang rambat kondisi berbunga dan bebas pilih,246978680494,rambat moncour,,,17900,,4044,,,,,,
9338672970,Tanaman Bunga mawar jepang rambat kondisi berbunga dan bebas pilih,54698774249,Rambat merah,,,11610,,5273,,,,,,
9338672970,Tanaman Bunga mawar jepang rambat kondisi berbunga dan bebas pilih,54698774252,rambat pink,,,10710,,4470,,,,,,
9338672970,Tanaman Bunga mawar jepang rambat kondisi berbunga dan bebas pilih,54698774253,rambat pink soft,,,11610,,5036,,,,,,
9338672970,Tanaman Bunga mawar jepang rambat kondisi berbunga dan bebas pilih,54698774255,Rambat orange,,,11610,,5290,,,,,,
9338672970,Tanaman Bunga mawar jepang rambat kondisi berbunga dan bebas pilih,54698774256,jepang merah,,,11610,,3367,,,,,,
9338672970,Tanaman Bunga mawar jepang rambat kondisi berbunga dan bebas pilih,246978680495,rambat Potwife,,,17900,,4920,,,,,,
9285836747,Tanaman jarak merah Toga,101278713746,,,,19000,,997,0,,,,,
9113764365,Bibit Tanaman Mawar Dolcetto,24289183329,,,,12000,,1847,0,,,,,
8897362950,Tanaman Hias Sikat Botol Variegata,132918857641,,,,24300,,998,0,,,,,
8816998648,Tanaman Beringin Dolar Varigata,43757326501,,,,29900,,1998,0,,,,,
8686836075,Tanaman Valerian Hutan,94006225961,,,,17100,,993,0,,,,,
8665894782,Tanaman kaktus mouse nose,110591591543,,,,22500,,993,0,,,,,
8565919780,Tanaman kaktus ruby Import aneka warna,82698359875,pink ruby,,,75000,,999,0,,,,,
8565919780,Tanaman kaktus ruby Import aneka warna,82698359876,Red ruby,,,75000,,998,,,,,,
8565919780,Tanaman kaktus ruby Import aneka warna,82698359877,yellow slash,,,75000,,998,,,,,,
8565919780,Tanaman kaktus ruby Import aneka warna,82698359874,purple splash,,,69900,,999,,,,,,
8565894711,Tanaman hias kriptantus pink,65898047202,,,,25000,,999,0,,,,,
8515936528,Tanaman Kembang Telang,43716087780,,,,16900,,1948,0,,,,,
8484512766,Tanaman hias puring kirana,36708006712,,,,15300,,999,0,,,,,
8465894756,Tanaman Kaktus Golden Barrel,82697781520,,,,49900,,999,0,,,,,
8386873428,Tanaman jeruk calamonde atau jeruk kesturi berbuah,56813051668,,,,37000,,993,0,,,,,
8365894796,Tanaman Kaktus white ghost lactea,35898069475,,,,35000,,999,0,,,,,
8097417453,Tanaman Hias Canna,67993411095,,,,18000,,999,0,,,,,
7907590170,Tanaman bougenville ungu,21865334427,,,,27000,,1979,0,,,,,
7907590144,Tanaman flame vine atau stefanot orange,30960407540,,,,37500,,1999,0,,,,,
7907590130,Tanaman jenggot musa / jenggot nabi. Tanpa media.,30960407539,,,,31500,,1979,0,,,,,
7907590117,Tanaman bougenville orange,30960423525,,,,29000,,1990,0,,,,,
7907590114,Tanaman torenia pot Pink,30960423522,,,,19900,,1999,0,,,,,
7907590111,Tanaman Torenia pot biru,30960423521,,,,19900,,1999,0,,,,,
7907590110,Tanaman torenia pot ungu,30960423520,,,,19900,,1999,0,,,,,
7907590109,Tanaman Mirten. bahan buat bonsai,50960407358,,,,12150,,1995,0,,,,,
7907590106,Tanaman beringin Dollar,30960423452,,,,25200,,1980,0,,,,,
7868407885,Tanaman Aphelandra,62350510039,,,,26910,,1999,0,,,,,
7807590196,Tanaman gantung begonia kuping macan,30960423451,,,,39000,,1999,0,,,,,
7807590192,Tanaman Hias Begonia red carpet,60960407169,,,,29900,,1999,0,,,,,
7807590191,Tanaman Hias Bunga Begonia Mawar Pink tumpuk,30960423449,,,,24219,,1999,0,,,,,
7807590185,Tanaman Hipotes merah,60960407168,,,,22950,,1999,0,,,,,
7807590170,Tanaman Lemon Balm,70960407107,,,,14900,,1982,0,,,,,
7807590167,Tanaman Dondong Laut,70960407104,,,,27000,,1999,0,,,,,
7807590165,Tanaman Dracena bambu putih hijau,21865334173,,,,35000,,1999,0,,,,,
7707598074,bibit buah delima arab,21865334172,,,,85000,,1999,0,,,,,
7707598052,bibit buah jeruk tangan budha siap berbuah,50960407044,,,,53910,,0,0,,,,,
7707598050,bibit buah kelengkeng merah,50960407043,,,,80910,,1999,0,,,,,
7707598045,bibit buah delima thaif,50960407042,,,,70000,,1999,0,,,,,
7707598043,bibit buah tin hijau atau tin green yordan,50960407040,,,,39900,,1999,0,,,,,
7707598031,bibit buah tin afrika,50960407041,,,,150000,,1997,0,,,,,
7707598029,bibit cocoplum,70960423086,,,,200000,,1999,0,,,,,
7707598027,bibit buah sukun,70960423084,,,,28800,,1999,0,,,,,
7707598024,bibit plum manila,70960406674,,,,98990,,1999,0,,,,,
7707598020,bibit alpukat hass,70960422974,,,,49900,,1999,0,,,,,
7707598016,bibit blimbing bangkok merah,60960406719,,,,51000,,1999,0,,,,,
7707598008,bibit buah black sapote,70960422957,,,,53910,,1999,0,,,,,
7707598003,bibit jambu farang,70960423083,,,,44910,,1995,0,,,,,
7607598097,bibit jambu varigata,70960406594,,,,23490,,1999,0,,,,,
7607598083,bibit sirsak merah,70960406570,,,,44100,,1999,0,,,,,
7607598081,bibit cherry jepang,60960406657,,,,63900,,1998,0,,,,,
7607598079,bibit mangga alpukat,60960406641,,,,42300,,1999,0,,,,,
7607598078,bibit anggur brazil preco,70960423082,,,,89100,,1999,0,,,,,
7607598077,bibit buah naga kuning,21865345320,,,,40500,,1996,0,,,,,
7607598076,bibit manggis jepang,21865333783,,,,49500,,1999,0,,,,,
7179721296,Tanaman Monstera Adansonii / Janda Bolong,90903779691,,,,15900,,1996,0,,,,,
7016816171,"Tanaman bunga mawar berbunga termurah, bebas pilih / @100gram / 1kg muat 12 tanaman",14177582557,Kuning,mawar_01,mawar_01,9900,,1941,2,,,,,
7016816171,"Tanaman bunga mawar berbunga termurah, bebas pilih / @100gram / 1kg muat 12 tanaman",29331182657,Rambat belum stek,,,9900,,987,,,,,,
7016816171,"Tanaman bunga mawar berbunga termurah, bebas pilih / @100gram / 1kg muat 12 tanaman",204910796141,Pupuk mawar,,,3900,,1936,,,,,,
7016816171,"Tanaman bunga mawar berbunga termurah, bebas pilih / @100gram / 1kg muat 12 tanaman",14177582548,Bicolor,,mawar_01,9900,,1990,,,,,,
7016816171,"Tanaman bunga mawar berbunga termurah, bebas pilih / @100gram / 1kg muat 12 tanaman",205038764391,merah tanpa duri,,,9900,,895,,,,,,
7016816171,"Tanaman bunga mawar berbunga termurah, bebas pilih / @100gram / 1kg muat 12 tanaman",14177582553,Ungu muda,,mawar_01,9900,,1904,,,,,,
7016816171,"Tanaman bunga mawar berbunga termurah, bebas pilih / @100gram / 1kg muat 12 tanaman",14177582544,Carasel,,mawar_01,9900,,1969,,,,,,
7016816171,"Tanaman bunga mawar berbunga termurah, bebas pilih / @100gram / 1kg muat 12 tanaman",14177582546,Blackrose,,mawar_01,9900,,1941,,,,,,
7016816171,"Tanaman bunga mawar berbunga termurah, bebas pilih / @100gram / 1kg muat 12 tanaman",205038764389,babyrose,,,9900,,981,,,,,,
7016816171,"Tanaman bunga mawar berbunga termurah, bebas pilih / @100gram / 1kg muat 12 tanaman",14177582550,Ungu Tua,,mawar_01,9900,,1846,,,,,,
7016816171,"Tanaman bunga mawar berbunga termurah, bebas pilih / @100gram / 1kg muat 12 tanaman",14177582555,pelangi,,mawar_01,9900,,1940,,,,,,
7016816171,"Tanaman bunga mawar berbunga termurah, bebas pilih / @100gram / 1kg muat 12 tanaman",14176871801,Syahdu,,mawar_01,9900,,1936,,,,,,
7016816171,"Tanaman bunga mawar berbunga termurah, bebas pilih / @100gram / 1kg muat 12 tanaman",14177582552,Orange,,mawar_01,9900,,1926,,,,,,
7016816171,"Tanaman bunga mawar berbunga termurah, bebas pilih / @100gram / 1kg muat 12 tanaman",14177582551,Merah,,mawar_01,9900,,1901,,,,,,
7016816171,"Tanaman bunga mawar berbunga termurah, bebas pilih / @100gram / 1kg muat 12 tanaman",205038764390,eclaire,,,9900,,990,,,,,,
7016816171,"Tanaman bunga mawar berbunga termurah, bebas pilih / @100gram / 1kg muat 12 tanaman",14176871803,Candy pink,,mawar_01,9900,,1903,,,,,,
7016816171,"Tanaman bunga mawar berbunga termurah, bebas pilih / @100gram / 1kg muat 12 tanaman",14177582547,Candy Garis,,mawar_01,9900,,1986,,,,,,
7016816171,"Tanaman bunga mawar berbunga termurah, bebas pilih / @100gram / 1kg muat 12 tanaman",14177582556,Putih,,mawar_01,9900,,1944,,,,,,
7016816171,"Tanaman bunga mawar berbunga termurah, bebas pilih / @100gram / 1kg muat 12 tanaman",14177582558,Salem,,mawar_01,9900,,1934,,,,,,
7016816171,"Tanaman bunga mawar berbunga termurah, bebas pilih / @100gram / 1kg muat 12 tanaman",14177582549,Peach,,mawar_01,9900,,1938,,,,,,
7016816171,"Tanaman bunga mawar berbunga termurah, bebas pilih / @100gram / 1kg muat 12 tanaman",14177582554,Pink,,mawar_01,9900,,1980,,,,,,
7016816171,"Tanaman bunga mawar berbunga termurah, bebas pilih / @100gram / 1kg muat 12 tanaman",14177582545,Colorado,,mawar_01,9900,,1937,,,,,,
7016816171,"Tanaman bunga mawar berbunga termurah, bebas pilih / @100gram / 1kg muat 12 tanaman",14176871799,Candy kuning,,mawar_01,9900,,1924,,,,,,
6681637616,Media Tanam Cocofiber Super / Serabut Kelapa Halus,24697133844,,,,9000,,1993,0,,,,,
6307589970,Tanaman Kadaka mini,60960406501,,,,26000,,1999,0,,,,,
6307589967,tanaman cabe jawa,60960406500,,,,20700,,1999,0,,,,,
6307589960,Tanaman pikok Pink.,60960406499,,,,12600,,1994,0,,,,,
6307589955,Tanaman sambung nyawa,60960406360,,,,17100,,1998,0,,,,,
6307589943,Tanaman melati bali,60960406358,,,,29900,,1912,0,,,,,
6307589933,Tanaman Karet Kebo Varigata,31174972487,,,,58500,,1999,0,,,,,
6307589926,Tanaman Bambu hoki spiral,60960406357,,,,65000,,1994,0,,,,,
6307589920,Tanaman hias begonia dollar atau peperomia,40960406451,,,,17910,,1998,0,,,,,
6307589917,Tanaman hias begonia bunga pink,50960406297,,,,21870,,1999,0,,,,,
6307589916,Tanaman Swedish Begonia Variegata,40960406330,,,,15390,,1998,0,,,,,
6283474414,Tanaman Silver Dust,54427997339,,,,17900,,1999,0,,,,,
6207589998,Tanaman bibit buah Jambu air Dalhari,30960406552,,,,29900,,1993,0,,,,,
6207589995,Bougenville Putih,50960422575,,,,29000,,1997,0,,,,,
6207589994,Tanaman Dracena Bambu kuning,40960406329,,,,22500,,1997,0,,,,,
6207589993,Tanaman bibit Jambu air Khio Jok 60cm,30960407010,,,,39000,,1995,0,,,,,
6207589992,Bibit Tanaman Chamomile,60960422720,,,,39900,,0,0,,,,,
6207589990,Calladium Black Magic atau keladi hitam gurat.,41174966696,,,,27000,,1998,0,,,,,
6207589988,Tanaman rumput biru sudah rimbun.,50960406158,,,,16000,,1999,0,,,,,
6167982732,Bibit Tanaman Jahe Merah,62309397245,,,,22000,,1984,0,,,,,
5907597869,bibit buah tin kuning / tin yellow jordan,50960406157,,,,45000,,1999,0,,,,,
5907597837,bibit ciplukan jumbo,60960422449,,,,38070,,1998,0,,,,,
5907597836,bibit buah jeruk batu 55,50960422347,,,,39000,,1999,0,,,,,
5907597835,bibit buah nam nam,50960406156,,,,85000,,1999,0,,,,,
5907597833,bibit natal plum,50960406052,,,,54000,,1999,0,,,,,
5907597824,bibit buah naga merah,50960406053,,,,40000,,1998,0,,,,,
5907597821,bibit jengkol super,40960406151,,,,30000,,1998,0,,,,,
5907597813,bibit buah delima spanyol biji lunak,50960422309,,,,59900,,1999,0,,,,,
5907597808,bibit buah black pitomba / cherry manis brazil,50960406035,,,,150000,,1999,0,,,,,
5907597806,bibit sawo varigata,50960406036,,,,44910,,1999,0,,,,,
5907590230,Tanaman zaitun 80cm up,41174966700,,,,179910,,1999,0,,,,,
5807597878,bibit buah tin nergone,50960406032,,,,54000,,1998,0,,,,,
5807597869,bibit jambu kerikil varigata,30960422275,,,,16119,,1999,0,,,,,
5807597868,bibit plum kuning/yellow plum,50960405916,,,,81000,,1999,0,,,,,
5807597866,bibit buah mangga manalagi,50960405915,,,,29900,,1997,0,,,,,
5807597855,bibit markisa manis,30960422186,,,,37500,,1989,0,,,,,
5807597854,bibit buah kepel,30960422185,,,,72000,,1999,0,,,,,
5807597852,bibit dukong / duku tanpa biji,40960422083,,,,69000,,1999,0,,,,,
5807597850,bibit silver berry,70960405773,,,,29000,,1999,0,,,,,
5807597846,bibit jambu alpukat,70960405774,,,,49500,,1996,0,,,,,
5807597842,bibit kelengkeng matalada,40960422053,,,,49000,,1998,0,,,,,
5807597839,bibit jamblang putih / juwet putih,70960405768,,,,35100,,1998,0,,,,,
5807597822,bibit buah kedondong bangkok merah,21865332933,,,,49900,,1998,0,,,,,
5807597821,bibit jambu rawing,30960405757,,,,49000,,1999,0,,,,,
5807597820,bibit black sapote,21865332932,,,,47790,,1999,0,,,,,
5807597819,bibit plum ungu,21865332931,,,,299000,,1999,0,,,,,
5707598123,bibit buah kelengkeng merah langka,70960405638,,,,89100,,1999,0,,,,,
4607586109,Tanaman zaitun 80cm up,30960405756,,AF418,,179910,,1994,0,,,,,
4507598116,bibit plum kuning atau yellow plum,21865332784,,,,81000,,1998,0,,,,,
3870631806,Bibit Tanaman Buah Jeruk Dekopon,72643369126,,,,43000,,1998,0,,,,,
3785058687,Tanaman Mawar Batik Orange,25227128632,,,,9900,,1979,0,,,,,
3268146767,Bibit Tanaman Dandelion,52309166541,,,,17910,,1996,0,,,,,
3061184895,Tanaman Kaktus Coral Hijau,65898070984,,,,19900,,991,0,,,,,
2918921036,Paket tanaman 4 bunga hortensia,53722813869,,,,39900,,1939,0,,,,,
2719941527,Tanaman Nolina,70960405637,,,,29900,,1982,0,,,,,
2593578414,Paket Tanaman Suka suka. harga menyesuaikan.,41174966699,,,,85000,,1999,0,,,,,
2382144553,Tanaman buah biriba,70960405636,,,,67500,,1999,0,,,,,
2382142154,Tanaman Agave Leopoldii,60960421654,,,,55000,,1993,0,,,,,
2382141930,Tanaman air mata pengantin,21865344089,,,,49500,,1999,0,,,,,
2382141927,Bunga daylily kuning,21865344088,,,,19900,,1999,0,,,,,
2382141921,Pasiflora Merah,60960421640,,,,22500,,1992,0,,,,,
2382141920,Tanaman obat herbal Adas,50960421533,,,,21600,,1997,0,,,,,
2382141919,Tanaman agave Mediopicta,21865344090,,,,35910,,1997,0,,,,,
2382141918,Tanaman marigold / kenikir orange Berbunga,50960421524,,,,26100,,1977,0,,,,,
2382141909,Senggani / Taibo China,50960421502,,,,25200,,1999,0,,,,,
2382141907,Tanaman Marigold kuning / kenikir kuning Kondisi Berbunga,60960405424,,,,21600,,1999,0,,,,,
2382141899,Tanaman Sirih Kuning,50960421501,,,,22500,,1991,0,,,,,
2382141898,Krisan Putih,21865343959,,,,12000,,1997,0,,,,,
2382141882,"Tanaman Sri Rejeki , aglonema murah.",21865343895,,,,20610,,1997,0,,,,,
2382141878,Tanaman Wijaya Kusuma Ungu Kondisi Berbunga,21865343896,,,,26730,,1988,0,,,,,
2382141876,Tanaman Hortensia Holland Ungu/ hydrangea / Pancawarna kondisi berbunga,50960421393,,,,29700,,1978,0,,,,,
2382141872,Tanaman Daun Salam rimbun berakar lebat,50960405222,,,,15900,,1840,0,,,,,
2382141868,Tanaman Sirih Golden,50960405221,,,,30000,,1997,0,,,,,
2382141867,Tanaman Greek Oregano / bumbu dapur,50960421344,,,,29000,,1995,0,,,,,
2382141865,Tanaman sirih merah,50960405204,,,,25000,,1977,0,,,,,
2382141864,"Tanaman Aglonema Waterplay ,aglonema murah",50960421251,,,,31500,,1999,0,,,,,
2382141858,Tanaman buah Sawo Mentega 60cm,50960421234,,,,30780,,1987,0,,,,,
2382141841,Tanaman Sirih Gading,21865343703,,,,29900,,1997,0,,,,,
2382141840,Tanaman Kaktus Import orange Kombinasi,21865343704,,,,44900,,1999,0,,,,,
2382141839,Tanaman Melati Jepang,21865343702,,,,9000,,1901,1,,,,,
2382141837,Tanaman Aglonema Bidadari,22058645366,,,,120000,,1999,0,,,,,
2382141835,Tanaman Daun kare atau Salam Koja,50960421167,,,,24900,,1923,0,,,,,
2382141833,"Tanaman Aglonema Diven, aglonema murah",21865343532,,,,19900,,1999,0,,,,,
2382141831,Tanaman Sirih Keraton atau sirih wulung,70960404939,,,,29700,,1997,0,,,,,
2382141830,Tanaman Ciangmai Jakarta Dewasa Daun lebat.,50960421131,,,,55000,,1999,0,,,,,
2382141828,Tanaman Sirih Hijau,70960404938,,,,16119,,1953,0,,,,,
2382141827,"Aglonema Sparkle , aglonema murah atau Anggun Ayu",40960421073,,,,26100,,1999,0,,,,,
2312695972,Tanaman lidah buaya atau aloevera,70960404774,,,,14580,,1994,0,,,,,
2312694866,Tanaman bunga azalea putih,40960421048,,,,26100,,1990,0,,,,,
2312693912,Aglonema super white koleksi,70960404741,,,,117500,,1999,0,,,,,
2312693911,Tanaman Hias Bunga Pancawarna Ungu / Purple Hydrangea,70960404740,,,,28800,,1990,0,,,,,
2312693908,Bibit Tanaman Red berry,60960404726,,,,17910,,1990,0,,,,,
2312693907,Tanaman Bunga Melati Pandan Wangi,50960420882,,,,35910,,1873,0,,,,,
2312693906,BIBIT TANAMAN BUNGA PETREA,50960420881,,,,29900,,1953,0,,,,,
2312693905,anggrek bulan koleksi type B,60960404682,,,,135000,,1999,0,,,,,
2312693903,Tanaman Palem pinang merah,60960404680,,,,39900,,1947,0,,,,,
2312693902,Bibit Tanaman Hias Caladium Varigata Macrorrhiza,50960420754,,,,29900,,1994,0,,,,,
2312693899,Tanaman Kadaka,60960404598,,,,26100,,1999,0,,,,,
2312693897,Tanaman Hydrangea Forever Pink ( Bunga Hortensia ),50960420755,,,,28800,,1944,0,,,,,
2312693892,Anggrek bulan koleksi type D,50960420753,,,,135000,,1999,0,,,,,
2312693891,Tanaman Kuping gajah silver asli 100%.,22058645367,,,,49000,,1999,0,,,,,
2312693889,Tanaman Hias Bunga fuchsia ( Anting India) Merah Putih,21865343960,,,,35000,,1999,0,,,,,
2312693887,Anggrek bulan koleksi type E,70960404444,,,,135000,,1999,0,,,,,
2312693886,Keladi hitam atau calladium black magic,70960420592,,,,29000,,1998,0,,,,,
2312693884,Tanaman ande ande lumut,60960420670,,,,19900,,1979,0,,,,,
2312693883,Tanaman Dahlia putih kondisi berbunga,60960420620,,,,22000,,1998,0,,,,,
2312693882,Tanaman bunga matahari mini kondisi berbunga.,31174961060,,,,29900,,0,0,,,,,
2312693881,Tanaman hias Soka Jepang putih,40960404428,,,,19800,,1998,0,,,,,
2312693878,Bibit Bunga/Tanaman Jadi SEDAP MALAM,40960404427,,,,14900,,1633,0,,,,,
2312693874,Tanaman philodendron / Jendron,60960420552,,,,8910,,1967,0,,,,,
2312693872,Tanaman pelancar ASI atau daun katuk atau daun katu,60960420543,,,,22000,,1994,0,,,,,
2312693871,Tanaman Anggrek golden boy kondisi berbunga,40960420458,,,,29900,,1973,0,,,,,
2312693870,Bibit Tanaman Hias Red Caladium,40960420400,,,,60000,,1999,0,,,,,
2312693869,Calladium atau keladi varigata,40960420388,,,,29900,,1998,0,,,,,
2312693868,TANAMAN Bougenville varigata (sekilo isi 4),30960420488,,,,29900,,1929,0,,,,,
2312693867,Tanaman Daun Kelor,30960420487,,,,28000,,1911,0,,,,,
2312693866,Bibit Tanaman Palem Ekor Tupai 30cm,21865331434,,,,26910,,1882,0,,,,,
2312693865,Anggrek bulan koleksi type C,70960420236,,,,135000,,1999,0,,,,,
2312693864,Tanaman Hias Palem Sikas 30 cm,70960420235,,,,34900,,1619,0,,,,,
2312689855,Bibit Tanaman Buah Mangga Madu,70960404051,,,,25200,,1997,0,,,,,
2312689841,Tanaman Buah Strawberry Australia Jumbo - Bibit Pohon Strawbery Merlan strawberry California,70960404050,,,,14900,,1674,0,,,,,
2312689836,AF Bibit Pohon Tanaman Buah Nangka Madu,70960420611,,,,25920,,1997,0,,,,,
2312689835,AF Bibit Tanaman Buah Mangga Irwin,70960420104,,,,32000,,1992,0,,,,,
2312689830,Bibit Tanaman Buah Terong Belanda 50cm,70960403964,,,,49900,,1991,0,,,,,
2312689829,Bibit Tanaman Buah Srikaya Jumbo,70960403962,,,,35910,,1995,0,,,,,
2312689828,AF Bibit Jambu Air Madu Deli -Tanaman Buah Hidup-,70960403960,,,,23900,,1969,0,,,,,
2312689826,"AF Bibit Petai / Pete, berkualitas (tangkai buah banyak), siap tanam",70960403839,,,,34000,,1987,0,,,,,
2312689822,AF Bibit Tanaman Buah Cherry Vietnam Manis,70960403838,,,,24219,,1947,0,,,,,
2312689821,AF bibit tanaman buah alpukat non biji,50960419992,,,,35100,,1996,0,,,,,
2312689819,Bibit Buah Pisang Cavendis - Tinggi 40cm,40960420030,,,,33000,,1997,0,,,,,
2312689817,Bibit Tanaman Buah Mangga Gedong Gincu,40960420021,,,,26100,,1994,0,,,,,
2312689816,AF Bibit Tanaman Buah Ceri Vietnam,30960419899,,,,28000,,1999,0,,,,,
2312689815,Bibit Tanaman Buah Jambu Bangkok kondisi berbuah atau berbunga,21865331139,,,,35100,,1998,0,,,,,
2312689812,Bibit Buah Delima Merah - Tinggi 40cm,21865331124,,,,25200,,1950,0,,,,,
2312689811,Bibit Buah Belimbing Madu - Tinggi 60cm,21865331123,,,,39900,,1991,0,,,,,
2312689809,Bibit Buah Mangga Apel,21865331122,,,,29000,,1999,0,,,,,
2312689808,Bibit Buah Juwet Hitam,21865331019,,,,36450,,1994,0,,,,,
2312689805,Bibit Buah Jeruk Purut - Ukuran 40cm,40960403669,,,,19900,,1692,0,,,,,
2312689804,Bibit Tanaman Buah Jambu Air Super Green 60cm,40960403668,,,,26910,,1997,0,,,,,
2312689802,Bibit Tanaman Buah Jambu Air Madu Deli,40960403667,,,,25200,,1995,0,,,,,
2312689800,Bibit Buah Alpukat Aligator - Tinggi 60cm,40960403666,,,,44100,,1998,0,,,,,
2312689799,Bibit Tanaman Buah Mangga Irwin,70960420105,,,,28800,,1999,0,,,,,
2312689795,bibit buah kelapa pandan wangi srilangka,40960403558,,,,650000,,1999,0,,,,,
2312689794,Bibit Tanaman Buah Jeruk Lemon California tanpa biji,40960403556,,,,49000,,1968,0,,,,,
2312689793,Bibit Buah Jeruk Siam Madu - Tinggi 40cm,30960419738,,,,29900,,1997,0,,,,,
2312689791,AF Tanaman Durian Matahari 60cm,30960419739,,,,49500,,1999,0,,,,,
2312689790,Bibit Tanaman Buah Nangka Madu,40960403551,,,,24300,,1994,0,,,,,
2312689788,Bibit Tanaman Buah Jeruk Siam Madu,30960419610,,,,23490,,1999,0,,,,,
2312689787,Bibit Buah Leci kom,30960403468,,,,49900,,1996,0,,,,,
2312689786,Bibit Tanaman Buah Markisa Manis,30960403466,,,,45000,,1992,0,,,,,
2312689783,Bibit tanaman buah Jeruk Kingkit,30960403467,,,,35000,,1999,0,,,,,
2312689777,Bibit Buah Alpukat Miki - Tinggi 60cm,30960403465,,,,35100,,1998,0,,,,,
2312689776,Bibit Tanaman Buah Apel India / Putsa,30960403420,,,,29900,,1981,0,,,,,
2312689775,Bibit Tanaman Buah Matoa,70960419391,,,,45000,,1995,0,,,,,
2312689772,Bibit Tanaman Buah Mangga Kio Jay,30960403418,,,,26100,,1997,0,,,,,
2312689765,Bibit Buah Duku Palembang - Tinggi 40cm,70960419390,,,,38000,,1999,0,,,,,
2312689761,Bibit Tanaman Buah Pear Cokelat,30960403416,,,,28350,,1999,0,,,,,
2312689759,Bibit Buah Cempedak Durian - Tinggi 40cm,50960419317,,,,33300,,1998,0,,,,,
2312689757,Bibit Tanaman Buah Jeruk Pamelo Red Ruby Thailand 40cm,50960419316,,,,58500,,1998,0,,,,,
2312689753,Bibit Tanaman Buah Jambu Lily Pili,50960403201,,,,59000,,1999,0,,,,,
2312689751,Tanaman chocolate mint / mint coklat,50960419315,,,,9900,,1905,0,,,,,
2312689749,AF Tanaman Durian Bawor,50960403194,,,,40500,,1999,0,,,,,
2312689747,BIbit Buah Jambu Red australia,60960419197,,,,13410,,1999,0,,,,,
2312689741,Bibit Tanaman Buah Kiwi,60960419196,,,,49500,,1999,0,,,,,
2312689737,Bibit Buah Delima Hitam - Ukuran 40cm,60960403075,,,,26910,,1995,0,,,,,
2312689733,Bibit Tanaman Buah Cermai Manis,60960403074,,,,26100,,1996,0,,,,,
2312689732,Bibit Buah Jeruk Lemon Lokal - Ukuran 40cm,50960419156,,,,28000,,1995,0,,,,,
2312689731,Bibit Tananan Buah Jeruk Keprok Brazil 60cm,50960402933,,,,30600,,1997,0,,,,,
2312689727,Bibit Buah Sirsak Madu - Tinggi 60cm,50960419155,,,,32400,,1998,0,,,,,
2312689724,Bibit Tanaman Buah Jambu Nasi,50960402934,,,,49100,,1998,0,,,,,
2312689721,Bibit Tanaman Buah Mangga Yuwen,40960403018,,,,26100,,1997,0,,,,,
2312689719,Bibit Tanaman Buah Jambu Jambu Air Citra,40960402878,,,,27500,,1992,0,,,,,
2312689716,bibit tanaman buah Jambu Air King Rose,40960419021,,,,28500,,1997,0,,,,,
2312689715,bibit tanaman buah anggur hitam,40960419016,,,,18000,,1997,0,,,,,
2312689713,Bibit Tanaman Buah Plum Aussie,40960402870,,,,50000,,1999,0,,,,,
2312689712,Bibit Tanaman Buah Kelengkeng New Crystal,40960402868,,,,55000,,1997,0,,,,,
2312689711,Bibit Buah / Tanaman Hidup KELENGKENG DIAMOND,30960402788,,,,45000,,1998,0,,,,,
2312689706,AF Tanaman Durian D24 - Tinggi 60cm,40960418943,,,,53100,,1999,0,,,,,
2312689702,bibit tanaman buah Buah Naga Mini,30960402748,,,,31500,,1995,0,,,,,
2312689700,Bibit Tanaman Buah Cherry Vietnam Manis,30960402743,,,,30780,,1999,0,,,,,
2312689699,AF Durian Buah Durian Duri Hitam - Tinggi 60cm,40960418906,,,,55000,,1999,0,,,,,
2312689698,AF Tanaman Durian Petruk 60cm,40960418791,,,,55000,,1999,0,,,,,
2312689694,Bibit Buah Belimbing Wuluh - Tinggi 40cm,40960418792,,,,25200,,1941,0,,,,,
2312689685,Bibit Tanaman Buah Jeruk Nipis,30960402620,,,,24750,,1984,0,,,,,
2312689681,AF durian duri hitam kaki 3,60960418660,,,,135000,,1999,0,,,,,
2312689680,Bibit Buah Lengkeng Pingpong,60960418659,,,,45000,,1997,0,,,,,
2312689676,Bibit Tanaman Buah Kesemek,60960402513,,,,39690,,1993,0,,,,,
2312689674,Bibit Tanaman Buah Ajaib Miracle Fruit,60960418614,,,,35640,,1987,0,,,,,
2312689662,Bibit Tanaman Buah Cery Barbados,60960418601,,,,24219,,1991,0,,,,,
2312689655,Bibit Jambu Kristal cangkok lebih cepat berbuah,70960402369,,,,49900,,1984,0,,,,,
2312689653,AF Bibit Tanaman Buah Durian Kumbokarno,60960402389,,,,48600,,1999,0,,,,,
2312689651,AF Bibit Tanaman Buah Mangga Mahatir,60960402388,,,,35100,,1997,0,,,,,
2312689650,AF Bibit Buah Jeruk Nipis - Tinggi 40cm,50960418550,,,,25000,,1951,0,,,,,
2312689648,AF durian d24 kaki tiga,30960402678,,,,103500,,1999,0,,,,,
2312689647,AF Bibit Buah Durian Pelangi - Tinggi 60cm,60960402265,,,,70000,,1999,0,,,,,
2312689645,AF Tanaman Durian Duri Hitam Kaki 3 - Tinggi 1 Meter,60960402259,,,,130000,,1999,0,,,,,
2312689644,Bibit Tanaman Obat Mengkudu 40cm,40960418462,,,,23400,,1997,0,,,,,
2312689643,AF BIBIT TANAMAN BUAH MANGGIS,50960402280,,,,39690,,1998,0,,,,,
2312685141,Tanaman Daun berrys and cream mint,60960402128,,,,9900,,1984,0,,,,,
2312685139,Tanaman Hias Bunga Gantung PETUNIA,50960402156,,,,20000,,1999,0,,,,,
2312685137,Bunga dahlia orange berbunga,70960418203,,,,19800,,1996,0,,,,,
2312685134,Tanaman hias Soka Jepang Pink,60960418253,,,,14900,,1994,0,,,,,
2312685133,Bibit Tanaman Hias Philo Katak,60960418224,,,,24900,,1992,0,,,,,
2312685132,Tanaman kuping gajah,50960419272,,,,28350,,1999,0,,,,,
2312685131,Bunga dahlia Ungu kondisi berbunga,21865329538,,,,19800,,1989,0,,,,,
2312685130,Tanaman bunga kemuning,21865320934,,,,14900,,1817,0,,,,,
2312685123,Bunga Krisan Pot bebas pilih warna sukasuka termurah.,21865329514,,,,12000,,1686,0,,,,,
2312685120,Tanaman Bunga Mawar Blackrose,70960401987,,,,9900,,1097,2,,,,,
2312685118,Calathea Zebrina / Zebra Hijau,30960401960,,,,21000,,1999,0,,,,,
2312685114,"anggrek dendrobium berbunga, kualitas bagus.",30960401958,,,,79000,,1999,0,,,,,
2312685111,Tanaman Bunga Mawar Merah,30960401937,,,,9900,,1913,0,,,,,
2312685110,Tanaman Kalanchoe holland berbunga lebat,40960418040,,,,34900,,1989,0,,,,,
2312685108,Tanaman Bunga Mawar Api / lidah api,40960418031,,,,9900,,1905,0,,,,,
2312685106,Anggrek bulan koleksi type G,70960418483,,,,135000,,1999,0,,,,,
2312685105,Tanaman Menthol Mint,40960417883,,,,9900,,1949,0,,,,,
2312685093,Tanaman Teratai Ungu sudah berbunga,40960417881,,,,39900,,1991,0,,,,,
2312685090,Tanaman hias kuping gajah daun tebal. karet type 2.,61174955062,,,,43000,,1999,0,,,,,
2312685089,Anggrek bulan koleksi type F,40960417875,,,,135000,,1999,0,,,,,
2312685087,Anggrek bulan koleksi type H,30960417959,,,,135000,,1999,0,,,,,
2312685086,"Bougenville Kuning, cukup langka.",40960401772,,,,33000,,1994,0,,,,,
2312685085,Calatea Black Lipstik,61174949713,,,,59000,,1999,0,,,,,
2312685084,Bunga dahlia merah Berbunga,40960401723,,,,19800,,1991,0,,,,,
2312685080,Tanaman obat herbal Inggu,40960417849,,,,19900,,1953,0,,,,,
2312685078,Tanaman Melati Belanda,30960401752,,,,54000,,1987,0,,,,,
2312679881,Tanaman kaktus hias orange head,30960402677,,,,65000,,1999,0,,,,,
2312679506,Tanaman Daun Sage,60960402267,,,,22000,,1995,0,,,,,
2312679504,Tanaman Sweet Basil Asli 100%,30960402034,,,,22410,,1988,0,,,,,
2312679500,Miana paket 10 tanaman,40960401613,,,,53100,,1999,0,,,,,
2312679499,Tanaman oregano,30960401689,,,,17910,,1964,0,,,,,
2312679492,BIBIT TANAMAN BUAH GENITU / KENITU/SAWO DURIAN,70960417739,,,,38000,,1999,0,,,,,
2312679491,Langka !! Tanaman Red Sufle Basil,30960401685,,,,31410,,1998,0,,,,,
2312679487,Bibit Tanaman Buah Long Mulberry,40960401524,,,,59900,,1997,0,,,,,
2312679482,Tanaman Mawar Kuning,40960401611,,,,9900,,1875,0,,,,,
2312679480,Tanaman Asli Eau De Cologne Mint Varietas asli 100%,30960417678,,,,9900,,1991,0,,,,,
2312679479,Tanaman Mawar Putih,40960401517,,,,9900,,1799,0,,,,,
2312679473,Bibit buah persik/ peach,30960417666,,,,59000,,1987,0,,,,,
2312679469,Tanaman Bunga Mawar Pink,40960401509,,,,9750,,1902,2,,,,,
2312679468,Bunga Mawar Candy garis merah,40960401497,,,,8900,,1993,0,,,,,
2312679464,Tanaman Mawar Pink Carasel,40960401496,,,,9900,,1990,0,,,,,
2312679461,Tanaman Daun Spearmint,40960401495,,,,14000,,1999,0,,,,,
2312679456,Tanaman Daun mint / Pappermint Berakar lebat dan daun rimbun.,40960401494,,,,9900,,7277,0,,,,,
2312679455,Tanaman Mawar red vanilla / syahdu,40960401493,,,,9900,,1951,0,,,,,
2312679454,Tanaman Hias Bunga Mawar Bicolor,30960417481,,,,9900,,1997,0,,,,,
2312679449,Mawar peach,40960401372,,,,9900,,1959,0,,,,,
2312679448,Tanaman Obat Pandan Wangi,40960401371,,,,19900,,1957,0,,,,,
2312679447,Tanaman Mawar Floribunda Colorado,30960417480,,,,11900,,1965,0,,,,,
2312679441,"Tanaman Lavender asli, wangi. Lavender Gold Creek",50960401251,,,,18900,,1809,0,,,,,
2312679438,Tanaman Mawar Floribunda Putih,40960417414,,,,13000,,1669,0,,,,,
2312679434,Bibit Tanaman Obat Lidah Buaya,50960401242,,,,19800,,1996,0,,,,,
2312679432,Tibit Tanaman Cincau Hijau,40960417402,,,,20250,,1987,0,,,,,
2312679429,tanaman bunga tabebuia kuning,50960401241,,,,19900,,1998,0,,,,,
2312679427,Bibit Tanaman Obat Binahong Hijau,40960417304,,,,16200,,1992,0,,,,,
2312679419,Tanaman Mawar Floribunda Merah,30960401159,,,,11000,,1784,0,,,,,
2312679415,Bibit Tanaman Obat Kelor,40960417303,,,,29900,,1997,0,,,,,
2312679414,Tanaman Lavender angelonia putih atau ungu,30960401158,,,,10125,,1964,0,,,,,
2312679411,Bibit Bunga Amaryllis Snowflake,30960401157,,,,25000,,1999,0,,,,,
2312679409,Tanaman Hias Caladium Dotted Totol,50960417196,,,,35000,,1999,0,,,,,
2312679407,Bibit Tanaman Obat Sirih Hitam,50960417171,,,,26000,,1972,0,,,,,
2312679406,Tanaman Cemara Kipas,70960400954,,,,17910,,1768,0,,,,,
2312679405,Bunga Dracena marginata atau Tricolour merah,70960400955,,,,13900,,1994,0,,,,,
2312679401,Bibit Tanaman Stevia,21865319937,,,,15300,,1907,0,,,,,
2312679399,Tanaman Hias Nona Makan Sirih Merah,40960417247,,,,26100,,1999,0,,,,,
2312679395,Tanaman Hias Aglonema Legacy,22058627210,,,,80000,,1999,0,,,,,
2312679392,Bunga Amarilis Merah,21865319930,,,,20250,,1991,0,,,,,
2312679390,tanaman dracena marginata atau tricolour putih,21865319929,,,,12900,,1999,0,,,,,
2312679387,tanaman bunga krisan kuning + pot,21865319903,,,,26100,,1989,0,,,,,
2312679385,Tanaman Hias Lollipop,30960400821,,,,13770,,1994,0,,,,,
2312679382,Tanaman Hias Melati Air,40960416986,,,,12000,,1986,0,,,,,
2312679379,Bibit Tanaman Hias Pinto Peanut 5 Pcs,21865319852,,,,19900,,1996,0,,,,,
2312679375,Tanaman Hias Agave,21865319851,,,,25200,,1982,0,,,,,
2312679374,Bibit Tanaman Hias Palem Botol 60cm up,21865319849,,,,29900,,1980,0,,,,,
2312679369,Bibit Tanaman Obat Binahong Merah/Gendola,30960416897,,,,16200,,1980,0,,,,,
2312679365,tanaman rambat bunga lampion / cherrybelle,30960400765,,,,34900,,1989,0,,,,,
2312679360,Bibit Tanaman Sayur Bawang Daun,30960400623,,,,14400,,1971,0,,,,,
2312679359,Bibit Tanaman Hidup Daun Bunga Acalypha Gantung,30960416755,,,,19900,,1984,0,,,,,
2312679357,Tanaman Bunga Rosela,21865319651,,,,12900,,1929,0,,,,,
2312679354,Bibit Bunga Anting India Ungu,70960400572,,,,45000,,1999,0,,,,,
2312679348,Bibit Tanaman Obat Akar Wangi,30960416761,,,,22000,,1998,0,,,,,
2312679346,Bibit Bunga Melati Kampung,70960400468,,,,13900,,1660,0,,,,,
2312679344,Bibit Tanaman Hias Palem Kuning 60cm,60960416616,,,,19800,,1872,0,,,,,
2312679341,tanaman Bunga hias song off India,60960416571,,,,13500,,1992,0,,,,,
2312679340,Tanaman daun hias puring jojon kuning,70960400461,,,,32319,,1999,0,,,,,
2312679337,BIBIT TANAMAN BUNGA KENANGA,50960416614,,,,29000,,1821,0,,,,,
2312679336,Tanaman Hias Puring Bangkok / Batik Bali,70960416474,,,,13500,,1998,0,,,,,
2312679335,Tanaman Torenia Ungu ( Bunga Mata Kucing ),70960416469,,,,11250,,1996,0,,,,,
2312679331,Tanaman Bunga Vinca (gantung),21865319512,,,,17910,,1999,0,,,,,
2312674090,Durian Montong kaki 3,21865319504,,,,76500,,1999,0,,,,,
2312673219,Durian musangking kaki 3,30960400764,,,,95000,,1999,0,,,,,
2312671780,AF Tanaman Durian Musangking 60cm,50960400295,,,,35000,,1999,0,,,,,
2312671777,AF Bibit Buah Apel Manalagi - Tinggi 60cm,40960400329,,,,35000,,1996,0,,,,,
2312671775,AF Bibit Buah Ara / Tin Black Genoa 30-40cm,30960400392,,,,85000,,1999,0,,,,,
2312671770,AF Bibit Tanaman Buah Durian Petruk,30960400388,,,,72000,,1998,0,,,,,
2312671769,AF Bibit Buah Jeruk Siam Madu - Tinggi 40cm,21865327869,,,,29900,,1998,0,,,,,
2312671768,AF Bibit Buah Ara / Tin Brown Turkey - Ukuran 30-40cm,30960400271,,,,75000,,1999,0,,,,,
2312671767,AF Bibit Tanaman Buah Durian Musangking 3 Kaki 80cm,70960416306,,,,81000,,1999,0,,,,,
2312671765,Bibit Tanaman Obat Mahkotadewa,30960400244,,,,25000,,1999,0,,,,,
2312671763,AF Bibit Buah Durian Simas - Tinggi 50cm,70960416271,,,,58500,,1999,0,,,,,
2312671761,AF Bibit Tanaman Buah Jeruk Lemon import california tanpa biji,30960416895,,,,39900,,1999,0,,,,,
2312671760,AF Bibit Buah Duku Palembang - Tinggi 40cm,30960416285,,,,39900,,1998,0,,,,,
2312671759,AF Bibit Buah Sirsak Madu - Tinggi 60cm,21865319242,,,,24300,,1994,0,,,,,
2312671757,AF Bibit Buah Alpukat Mentega - Tinggi 50cm,21865319237,,,,35000,,1997,0,,,,,
2312671754,AF Bibit Buah Cempedak Durian - Tinggi 40cm,21865327808,,,,35910,,1990,0,,,,,
2312671751,AF Bibit Buah Anggur Brazil / Anggur Pohon,30960400427,,,,28900,,1951,0,,,,,
2312671746,AF Bibit Buah Delima Merah - Tinggi 40cm,21865319131,,,,24300,,1982,0,,,,,
2312671745,AF Bibit Buah Anggur Merah,70960399982,,,,16119,,1974,0,,,,,
2312671744,AF Bibit Buah Anggur Hijau Lokal - Tinggi 25cm,30960416193,,,,17100,,1991,0,,,,,
2312671742,AF Bibit Buah Pear Asia ( Coklat ) - Tinggi 60-80cm,70960399969,,,,39900,,1999,0,,,,,
2312671739,AF Bibit Jambu Air Citra - Tanaman Buah Hidup-,30960400114,,,,24000,,1998,0,,,,,
2312671738,"AF Paket 30 Bibit Durian 10 Montong, 10 Bawor dan 10 Musangking.",30960416126,,,,1499000,,1999,0,,,,,
2312671737,Tanaman Murbei berbuah rimbun,40960399861,,,,11610,,1973,0,,,,,
2312671730,AF Bibit Buah Ara / Tin Purple Yordan - Ukuran 20 - 40cm,30960416087,,,,68000,,1994,0,,,,,
2312671723,AF Tanaman Durian Bawor 3 Kaki,30960416077,,,,80000,,1999,0,,,,,
2312671722,AF Bibit Tanaman Buah Srikaya Jumbo,40960416051,,,,35550,,1997,0,,,,,
2312671721,AF Bibit Buah Anggur Merah/Ungu/Hijau,60960399717,,,,16200,,1973,0,,,,,
2312671718,AF Bibit Durian Musangking -Tanaman Buah Hidup-,60960399708,,,,35100,,1998,0,,,,,
2312671717,AF Bibit Buah Ara / Tin Red Israel ( Khurtmani Fig ) - Ukuran 20 -,60960399706,,,,45000,,1993,0,,,,,
2312671716,Bibit Tanaman Hias Palem Sadeng 40cm,60960399705,,,,23400,,1996,0,,,,,
2312671715,AF BIBIT TANAMAN BUAH DELIMA HITAM,30960400768,,,,24300,,1997,0,,,,,
2312671714,AF Bibit Buah Durian Merah - Tinggi 50cm,50960416024,,,,55000,,1999,0,,,,,
2312671710,AF Bibit Buah Jeruk Nagami Manis - Tinggi 40-60cm,70960415756,,,,29700,,1998,0,,,,,
2312671709,AF Bibit Buah Pisang Cavendis - Tinggi 40cm,40960399657,,,,45000,,1996,0,,,,,
2312671704,AF Bibit Buah Jeruk Limo,30960416214,,,,26100,,1909,0,,,,,
2312671703,AF Bibit Tanaman Buah Rambutan Rapiah,60960415837,,,,25200,,1990,0,,,,,
2312671700,AF bibit buah kelengkeng,60960415836,,,,35000,,1999,0,,,,,
2312671698,AF Bibit Buah Apel Anna - Tinggi 60cm,40960399639,,,,29610,,1989,0,,,,,
2312671697,AF Bibit Tanaman Buah Jeruk Santang 60cm,30960415681,,,,29000,,1972,0,,,,,
2312671696,AF Bibit Tanaman Buah Durian Musang King,21865318631,,,,34200,,1999,0,,,,,
2312671695,Bibit Tanaman Buah Lychee 60cm,70960399462,,,,57900,,1966,0,,,,,
2312671693,AF Bibit Alpukat Mentega -Tanaman Buah Hidup-,70960399460,,,,29700,,1989,0,,,,,
2312671691,"paket 3 Bibit Tanaman Buah blackberry, Raspberry, murbei.",70960399458,,,,59900,,1990,0,,,,,
2312671689,AF Bibit Buah Alpukat Miki - Tinggi 60cm,70960399327,,,,35100,,1994,0,,,,,
2312671688,AF sepaket bibit buah tin,70960399326,,,,70000,,1999,0,,,,,
2312671686,AF Bibit Buah Tin Merah,60960415499,,,,45000,,1973,0,,,,,
2312671685,AF Bibit Tanaman Buah Jeruk Santang,60960415486,,,,40500,,1987,0,,,,,
2312671684,AF Paket 5 Bibit Tanaman Buah Jambu dan Mangga,70960399324,,,,103500,,1997,0,,,,,
2312671671,Tanaman Murbei Kondisi berbuah dan berakar kuat,70960416430,,,,13900,,3,0,,,,,
2312671667,bibit tanaman jadi Jambu Kristal,60960399235,,,,23400,,1998,0,,,,,
2312671666,AF Bibit Kelengkeng Kristal/crystal -Tanaman Buah Hidup-,60960399236,,,,39000,,1990,0,,,,,
2312671665,Tanaman Jambu air mawar,50960416213,,,,27900,,1963,0,,,,,
2312671663,"AF Paket 5 Bibit Durian Merah, Montong, Musangking, Bawor, Pelangi",60960399229,,,,250000,,1999,0,,,,,
2312671662,AF Bibit Durian Musangking Kaki 3 Tiga - Pohon Buah Duren Musang,60960399228,,,,85500,,1999,0,,,,,
2312671661,AF Bibit Durian Musangking Kaki 3 Tiga - Pohon Buah Duren Musang King,50960399094,,,,95000,,1999,0,,,,,
2312671660,Tanaman buah Leci Biwa Kondisi berbuah atau berbunga,30960415313,,,,27900,,1883,0,,,,,
2312671659,Bibit Tanaman Buah Kelengkeng Aroma Durian,30960415311,,,,44910,,1998,0,,,,,
2312671658,AF Tanaman Bibit Buah Durian Montong / Duren Monthong,30960415310,,,,45000,,1999,0,,,,,
2312665700,Bunga Azalea pink,21865326778,,,,23490,,1996,0,,,,,
2312665079,AF DURIAN PELANGI KAKI TIGA,30960415309,,,,105000,,1999,0,,,,,
2312665076,Bibit Tanaman Hias Garlic Vine Rambat 40cm,40960398989,,,,18549,,1992,0,,,,,
2312665074,Tanaman Hias Aglonema Super Red Cochin,41174936764,,,,95000,,1999,0,,,,,
2312665071,Bibit Tanaman Bunga Angelonia,30960399039,,,,11900,,1992,0,,,,,
2312665067,Tanaman Hias Agapanthus Putih,30960399002,,,,36000,,1999,0,,,,,
2312665066,Tanaman puring jet murah meriah,30960398846,,,,15000,,1986,0,,,,,
2312665065,Bibit Tanaman Obat Kecombrang,60960415032,,,,19900,,4373,0,,,,,
2312665063,Tanaman Bunga Mawar Batik Kuning,60960415031,,,,9900,,1758,0,,,,,
2312665062,AF DURIAN MERAH KAKI TIGA,30960398842,,,,103500,,1999,0,,,,,
2312665060,Bibit Tanaman Obat Catnip,60960415028,,,,22410,,1997,0,,,,,
2312665058,Bibit Tanaman Bunga Air Mata Pengantin,60960414910,,,,45000,,1992,0,,,,,
2312665057,Tanaman Hias Tabebuia Kuning,30960398683,,,,27900,,1968,0,,,,,
2312665053,Bibit Tanaman Obat Serai Wangi,30960398682,,,,14900,,1925,0,,,,,
2312665052,Bibit Tanaman Hias Amaryllis Ringgo,60960414906,,,,26000,,1994,0,,,,,
2312665051,Bibit Tanaman Hias Wijaya Kusuma Bangkok,21865317962,,,,44100,,1998,0,,,,,
2312665050,Palem Bismark Silver 50cm,30960398671,,,,350000,,1999,0,,,,,
2312665048,Bibit Tanaman Hias White caladium,61174910456,,,,27000,,1998,0,,,,,
2312665046,Bibit Tanaman Hias Garlic Vine Rambat,30960398665,,,,18630,,1990,0,,,,,
2312665045,Tanaman Bunga Mawar Merah Putih,30960398664,,,,9900,,1909,0,,,,,
2312665043,Tanaman Bunga kaliandra Merah,21865317755,,,,22500,,1999,0,,,,,
2312665041,Tanaman bidara sudah bercabang.,30960398650,,,,16900,,97106,0,,,,,
2312665039,Tanaman Brokoli hias,70960414655,,,,9900,,1995,0,,,,,
2312665036,Bibit Tanaman Hias Amaryllis Snowflake kuncup siap berbunga.,70960414654,,,,26000,,1998,0,,,,,
2312665035,Tanaman kuping gajah karet,41174915988,,,,45000,,1999,0,,,,,
2312665034,Teratai Kuning jenis Chroma tella,50960414618,,,,39900,,1999,0,,,,,
2312665032,TANAMAN HIAS BUNGA TEMBELEKAN / lamtana,21865317747,,,,13500,,1997,0,,,,,
2312665030,"anggrek bulan berbunga, warna ungu dan putih.",41174915987,,,,120000,,1999,0,,,,,
2312665028,Tanaman Bunga Mawar Salem,30960398440,,,,9900,,1745,0,,,,,
2312665026,anggrek bulan koleksi type A,30960398435,,,,135000,,1999,0,,,,,
2312665023,Tanaman Hias Bunga Cempaka Gondok Jumbo,50960414616,,,,29900,,1909,0,,,,,
2312665020,Bunga Bougenville varigata merah,70960414460,,,,44900,,1999,0,,,,,
2312665019,Tanaman Bunga Mawar Ungu Lavender,60960414490,,,,9900,,1772,0,,,,,
2312665017,Tanaman palem phoenix atau ponix,21865317603,,,,26100,,1988,0,,,,,
2312665012,Tanaman kemuning mikro,21865317602,,,,29900,,1983,0,,,,,
2312665010,Tanaman azalea merah subur,70960398140,,,,22410,,1995,0,,,,,
2312665009,Tanaman Obat Mint Series (Paket Hemat 4in1),60960414475,,,,27900,,1927,0,,,,,
2312665006,Kaktus import korea Merah ruby,50960414364,,,,99000,,1999,0,,,,,
2312665005,Tanaman bunga dahlia kuning kondisi berbunga.,70960398138,,,,22000,,1992,0,,,,,
2312665003,"Tanaman Melati Tuscany tumpuk, bunga besar superwangi.",50960414363,,,,35000,,8392,0,,,,,
2312665002,Bibit Tanaman Obat Lemon Balm 30cm,70960398137,,,,14900,,1990,0,,,,,
2312665001,Bibit tanaman jadi bunga mawar merah Putih termurah grosir murah,21865317430,,,,9900,,1997,0,,,,,
2312664998,Tanaman thyme,30960398073,,,,16200,,1980,0,,,,,
2312664995,Bibit Bunga Acalypha Gantung,21865317422,,,,14900,,1941,0,,,,,
2312664992,Anggrek bulan koleksi type I,21865317421,,,,135000,,1999,0,,,,,
2312664991,Grosir Bibit tanaman jadi bunga Alamanda putih termurah,21865325866,,,,26000,,1983,0,,,,,
2312664990,Tanaman Bunga Mawar Hijau Daun,70960397916,,,,9900,,1970,0,,,,,
2312664988,Grosir Bibit Tanaman bunga Mawar Mix (10pc/kg),70960397897,,,,64900,,1997,1,,,,,
2312664987,Bibit tanaman jadi bunga mawar merah / candy termurah grosir murah,70960414125,,,,9900,,1996,0,,,,,
2312664985,AF BIBIT TANAMAN BUAH APEL ANA MANALAGI MALANG,70960414046,,,,31500,,1994,0,,,,,
2312664983,Bibit Tanaman Bunga Portulaca,60960393977,,,,20000,,1968,0,,,,,
2312664981,Bibit tanaman jadi bunga Alamanda Kuning murah grosir termurah,70960397770,,,,25000,,1991,0,,,,,
2312664979,Bibit tanaman jadi bunga Alamanda coklat murah grosir termurah,60960397870,,,,26000,,1998,0,,,,,
2312664974,Bibit bunga bougenville varigata merah fanta,60960397859,,,,49000,,1991,0,,,,,
2312664971,Bibit tanaman Hias Palem Chamaedorea 60cm,60960397858,,,,29900,,1875,0,,,,,
2312664970,Tanaman Bunga Gloxinia Ungu,70960397672,,,,40500,,1990,0,,,,,
2312664969,Tanaman Bunga Mawar batik merah putih / Candy pink,60960397768,,,,9900,,1783,2,,,,,
2312664965,Tanaman Bunga Mawar Hijau,40960393899,,,,9900,,1157,2,,,,,
2312664964,tanaman climbing rose putih (mawar rambat putih),60960397763,,,,12900,,1383,0,,,,,
2312664963,Tanaman Mawar ungu super wangi,40960393898,,,,9900,,1884,0,,,,,
2312664961,Bibit Tanaman Anggrek GoldenShower,21865317429,,,,44900,,1998,0,,,,,
2312664960,Tanaman Hias Philodendron Monstera,70960393790,,,,39900,,1996,0,,,,,
2312664958,Bibit Tanaman Hias Keladi Tengkorak,70960393791,,,,53910,,1996,0,,,,,
2312664957,Tanaman Hias Begonia Putih/Mera,70960397606,,,,25200,,1995,0,,,,,
2312664954,Tanaman Jadi anggrek tanah grosir termurah,70960397607,,,,13500,,1992,0,,,,,
2312664953,Bunga Wijaya kusuma kepiting kondisi berbunga (stock terbatas),70960393784,,,,29900,,1928,0,,,,,
2312664948,AF bibit jambu air king rose unggul | Tanaman buah jambu king rose,21865325509,,,,28410,,1863,0,,,,,
2312664946,"Paket Tanaman Mawar 10 tanaman, kondisi berbunga",60960397504,,,,64800,,1950,1,,,,,
2312664945,Bibit Tanaman Hias Hujan Emas,60960397503,,,,18000,,1939,0,,,,,
2312664944,TANAMAN JADI BUNGA TERATAI PUTIH,60960393711,,,,38900,,1938,0,,,,,
2312664943,Bibit tanaman jadi bunga mawar Batik / Candy murah grosir termurah,60960397502,,,,9900,,1958,0,,,,,
2312664942,Tanaman Bougenville Putih Variegata ( Bunga Kertas ),40960393527,,,,29900,,1935,0,,,,,
2312664941,tanaman Climbing rose pink (mawar rambat),60960397415,,,,13500,,1029,0,,,,,
2312664935,Grosir Paket 12 Tanaman Hias Bunga Mawar ongkir 1 kg,60960397416,,,,69900,,1991,0,,,,,
2312664934,Paket Tanaman Mawar 10 Warna Paket Tanaman Mawar 10 Warna,60960397417,,,,64900,,1990,1,,,,,
2312664932,Tanaman Bunga hortensia sudah berbunga harga per tanaman (1kg muat 3),40960393528,,,,29900,,1875,0,,,,,
